ReviewID,CustomerID,ProductID,ReviewDate,Rating,ReviewText
1,77,18,2023-12-23,3,"Average  experience,  nothing  special."
2,80,19,2024-12-25,5,The  quality  is    top-notch.
3,50,13,2025-01-26,4,Five  stars  for  the  quick  delivery.
4,78,15,2025-04-21,3,"Good  quality,  but  could  be  cheaper."
5,64,2,2023-07-16,3,"Average  experience,  nothing  special."
6,81,1,2025-12-21,4,Customer  support  was  very  helpful.
7,16,1,2024-01-29,3,"Average  experience,  nothing  special."
8,55,8,2024-08-15,5,The  quality    is  top-notch.
9,3,13,2023-09-01,4,"I  love  this  product,  will  buy  again!"
10,78,6,2024-06-17,5,"Excellent  product,  highly  recommend!"
11,54,9,2023-07-17,4,"Great  purchase,  very  satisfied."
12,77,2,2025-01-13,2,Product  did    not  meet  my  expectations.
13,93,6,2024-08-20,5,"Great  purchase,  very  satisfied."
14,23,2,2025-06-16,4,"Good  quality,  but  could  be  cheaper."
15,29,11,2023-01-27,5,"Great  purchase,  very  satisfied."
16,95,17,2023-01-06,5,"Excellent  product,  highly  recommend!"
17,88,4,2025-10-29,3,Not  worth  the  money.
18,17,16,2024-11-23,4,Shipping  was  fast  and  the  item  was  well-packaged.
19,34,13,2024-01-04,4,The  quality  is  top-notch.
20,34,6,2023-04-29,1,I  had  a  bad  experience  with  this  product.
21,22,15,2023-04-08,5,Amazing  value  for  the  price.
22,52,3,2025-10-30,4,The  quality  is  top-notch.
23,69,18,2023-07-02,5,Five  stars  for  the  quick  delivery.
24,100,4,2025-07-18,3,"I  love  this    product,  will  buy  again!"
25,55,20,2024-12-19,4,Shipping  was  fast  and  the  item  was  well-packaged.
26,76,11,2024-08-21,4,Five  stars  for  the  quick  delivery.
27,56,6,2025-11-24,4,The  quality  is  top-notch.
28,76,8,2025-05-27,5,Five  stars  for  the  quick  delivery.
29,38,13,2023-05-31,4,"I  love  this  product,  will  buy  again!"
30,84,6,2024-03-18,4,Five  stars  for  the  quick  delivery.
31,93,4,2025-08-25,3,"Good  quality,  but  could  be    cheaper."
32,91,1,2023-07-15,4,The  quality  is  top-notch.
33,30,2,2023-02-21,4,Shipping  was  fast  and  the  item  was  well-packaged.
34,81,15,2024-03-30,5,"Excellent  product,  highly  recommend!"
35,27,12,2024-03-13,3,"Average  experience,  nothing  special."
36,96,9,2025-12-05,3,"Good  quality,  but  could  be  cheaper."
37,38,3,2023-09-11,3,"Average  experience,  nothing    special."
38,45,17,2024-05-07,5,"Great  purchase,  very  satisfied."
39,54,1,2023-10-02,5,Customer  support  was  very  helpful.
40,33,2,2025-01-03,5,Five  stars    for  the  quick  delivery.
41,93,17,2025-05-15,3,"Average  experience,  nothing  special."
42,72,15,2023-03-21,5,Five  stars  for  the  quick  delivery.
43,84,15,2025-02-02,4,Exceeded  my    expectations!
44,44,17,2023-04-20,5,"Excellent  product,    highly  recommend!"
45,11,16,2023-03-23,3,Not  worth  the  money.
46,27,5,2025-05-07,4,Five  stars  for  the  quick  delivery.
47,19,13,2024-06-01,4,Five  stars  for  the  quick  delivery.
48,70,17,2023-10-08,4,Shipping  was  fast  and  the  item    was  well-packaged.
49,3,7,2025-06-09,3,"Good  quality,  but  could    be  cheaper."
50,62,4,2023-01-07,1,The  product  stopped  working  after  a  month.
51,49,17,2023-04-14,4,Five  stars  for  the  quick  delivery.
52,75,11,2024-04-07,4,"I  love  this  product,  will  buy  again!"
53,73,18,2025-12-28,4,Five  stars  for    the  quick  delivery.
54,33,8,2023-05-03,5,"Excellent  product,  highly  recommend!"
55,57,9,2025-11-03,3,Customer  support  was    very  helpful.
56,15,10,2025-12-11,3,Shipping  was  fast  and  the  item  was  well-packaged.
57,41,10,2024-04-06,2,Disappointed  with  the  performance.
58,78,7,2024-07-16,2,"The  product    is  okay,  but  the  instructions  were  unclear."
59,98,9,2024-09-01,4,The  build  quality  is  impressive.
60,11,16,2023-12-27,4,"Great  purchase,  very  satisfied."
61,50,19,2023-02-24,4,"Great  purchase,    very  satisfied."
62,35,17,2023-03-18,2,"Average  experience,  nothing  special."
63,93,2,2025-01-05,4,Five  stars  for  the  quick  delivery.
64,86,11,2025-10-30,4,Customer  support  was  very  helpful.
65,34,3,2024-06-15,1,Not  worth  the  money.
66,94,16,2023-06-17,4,"I  love  this  product,  will  buy    again!"
67,67,13,2025-04-12,3,"Average  experience,  nothing  special."
68,38,7,2023-03-23,3,"The  product  is  okay,  but  the  instructions  were  unclear."
69,77,12,2025-08-03,3,Five  stars  for  the  quick  delivery.
70,93,5,2024-01-30,4,Shipping  was  fast    and  the  item  was  well-packaged.
71,24,11,2025-07-28,3,"Good  quality,  but  could  be  cheaper."
72,29,4,2023-05-29,5,The    build  quality  is  impressive.
73,68,19,2025-05-05,5,"I  love  this  product,  will  buy  again!"
74,59,9,2023-05-16,3,"The  product  is  okay,  but  the  instructions  were  unclear."
75,22,3,2024-01-13,5,Shipping  was  fast  and  the  item  was  well-packaged.
76,9,10,2025-08-31,4,"Great  purchase,  very  satisfied."
77,74,5,2023-03-15,4,"Great  purchase,    very  satisfied."
78,6,10,2024-12-09,5,Five  stars  for  the  quick  delivery.
79,84,15,2024-05-28,2,The  product  arrived    late.
80,98,16,2025-05-24,3,Not  worth  the  money.
81,3,19,2024-09-04,4,Five  stars  for  the  quick  delivery.
82,78,13,2023-05-02,4,Shipping    was  fast  and  the  item  was  well-packaged.
83,32,11,2025-05-26,4,The  quality  is    top-notch.
84,40,20,2023-07-17,4,"Good  quality,  but  could  be  cheaper."
85,17,6,2025-10-25,5,Five  stars  for  the  quick  delivery.
86,78,3,2025-10-06,5,"Excellent  product,  highly  recommend!"
87,89,17,2023-05-26,3,Not    worth  the  money.
88,93,19,2025-08-26,4,Exceeded  my  expectations!
89,60,3,2024-07-08,3,The  quality  is  top-notch.
90,47,17,2025-11-12,4,Five  stars  for  the  quick  delivery.
91,4,16,2025-09-27,3,"Great  purchase,  very  satisfied."
92,2,16,2023-11-21,3,Not  worth  the  money.
93,60,13,2024-09-05,3,Not  worth  the  money.
94,2,16,2025-03-14,4,The  quality  is  top-notch.
95,16,16,2024-04-07,4,Shipping  was  fast  and  the  item  was  well-packaged.
96,19,13,2023-09-02,3,"Good  quality,  but  could  be  cheaper."
97,64,6,2024-01-19,3,"The  product  is  okay,  but  the  instructions  were  unclear."
98,96,3,2025-11-20,5,Exceeded  my  expectations!
99,79,16,2025-01-29,2,"Average  experience,  nothing  special."
100,9,2,2025-06-20,3,Not  worth  the  money.
101,61,18,2024-09-11,5,The  build  quality  is  impressive.
102,4,2,2025-08-22,5,"Excellent  product,  highly  recommend!"
103,82,14,2024-11-17,5,The  quality  is  top-notch.
104,96,5,2023-01-06,4,"I  love    this  product,  will  buy  again!"
105,32,12,2024-08-27,2,The  product    arrived  late.
106,94,17,2024-02-25,2,"Average  experience,  nothing  special."
107,26,10,2025-02-17,5,Five  stars  for    the  quick  delivery.
108,80,17,2023-12-22,5,Five  stars  for  the    quick  delivery.
109,38,10,2023-07-25,4,Customer  support  was  very  helpful.
110,54,12,2024-08-02,4,Customer    support  was  very  helpful.
111,43,7,2023-11-05,4,Five  stars  for  the  quick  delivery.
112,87,3,2023-05-26,5,"Excellent  product,  highly  recommend!"
113,27,9,2024-03-31,2,Disappointed  with  the  performance.
114,52,19,2025-05-04,2,"Average  experience,  nothing  special."
115,82,9,2023-09-28,4,Five  stars  for  the  quick  delivery.
116,70,18,2023-07-23,4,The  quality  is  top-notch.
117,20,14,2025-04-19,4,Customer  support  was  very  helpful.
118,59,6,2024-05-01,1,The  product  arrived  late.
119,34,5,2025-09-06,4,"Great  purchase,  very    satisfied."
120,3,20,2024-08-18,4,The  quality  is  top-notch.
121,91,1,2025-11-02,2,"Good  quality,  but  could  be  cheaper."
122,83,14,2024-09-27,2,Not  worth  the  money.
123,93,1,2025-09-22,4,"Good  quality,  but  could  be  cheaper."
124,36,16,2023-07-17,5,Customer  support  was  very  helpful.
125,55,11,2025-12-20,5,"I  love  this  product,  will  buy  again!"
126,32,10,2024-08-12,5,Exceeded  my  expectations!
127,47,8,2025-03-25,4,"Great  purchase,  very  satisfied."
128,71,20,2023-12-13,2,"Average  experience,  nothing  special."
129,46,13,2025-02-14,4,"Good  quality,  but  could  be  cheaper."
130,88,3,2025-09-22,5,"Great    purchase,  very  satisfied."
131,42,5,2023-06-16,5,Amazing  value  for  the  price.
132,21,7,2025-11-13,2,Product  did  not  meet  my  expectations.
133,40,4,2025-05-24,4,The  quality  is  top-notch.
134,74,4,2024-03-27,3,"Good  quality,  but  could    be  cheaper."
135,48,14,2023-06-08,4,"I  love  this  product,  will  buy  again!"
136,17,3,2025-03-27,5,Amazing  value  for    the  price.
137,88,6,2023-03-02,4,"Good  quality,  but  could    be  cheaper."
138,28,15,2023-01-18,5,Five  stars  for  the  quick  delivery.
139,36,16,2023-04-20,4,Customer  support  was  very  helpful.
140,53,18,2023-12-03,3,"Good  quality,  but  could  be  cheaper."
141,98,9,2024-10-15,5,Amazing  value  for  the    price.
142,15,7,2023-08-04,5,"Excellent  product,  highly  recommend!"
143,3,12,2023-04-12,3,"Average  experience,  nothing  special."
144,27,15,2025-08-16,4,The  build  quality  is  impressive.
145,27,10,2024-03-05,3,"The    product  is  okay,  but  the  instructions  were  unclear."
146,5,13,2025-01-09,4,"I  love  this  product,  will  buy  again!"
147,100,20,2025-01-25,2,"Average  experience,  nothing  special."
148,17,18,2024-11-05,1,"Average  experience,  nothing  special."
149,50,3,2023-12-20,4,The  quality  is  top-notch.
150,4,15,2024-06-18,5,"I  love  this  product,  will  buy    again!"
151,21,19,2023-10-30,3,"Good  quality,  but  could  be  cheaper."
152,32,16,2025-12-15,3,"Good  quality,  but    could  be  cheaper."
153,95,11,2023-11-06,5,Amazing  value  for  the  price.
154,3,12,2023-12-19,4,The  quality  is  top-notch.
155,89,3,2025-12-10,4,Customer  support  was  very  helpful.
156,5,7,2025-01-26,5,The  build  quality  is  impressive.
157,10,17,2025-10-14,2,The  product  arrived  late.
158,37,2,2024-04-16,5,"Great  purchase,  very  satisfied."
159,23,12,2023-09-01,5,"I  love  this  product,    will  buy  again!"
160,71,9,2024-01-02,2,Not  worth  the  money.
161,9,18,2025-08-05,2,The  product  arrived    late.
162,64,20,2023-07-25,3,"Average  experience,  nothing  special."
163,89,7,2023-05-27,5,The  quality  is  top-notch.
164,25,19,2024-03-16,2,Product  did  not    meet  my  expectations.
165,97,3,2025-06-03,4,The  quality  is  top-notch.
166,87,3,2023-11-01,3,"Good    quality,  but  could  be  cheaper."
167,28,16,2023-08-02,2,Product  did  not  meet    my  expectations.
168,72,2,2025-12-13,3,Customer  support  was  very  helpful.
169,26,8,2025-09-28,5,Five  stars  for  the  quick    delivery.
170,53,13,2024-06-23,5,The  build  quality  is  impressive.
171,2,16,2024-02-16,3,Not  worth  the  money.
172,79,2,2024-11-23,3,Not  worth  the  money.
173,15,16,2025-05-30,5,Customer  support  was  very  helpful.
174,91,8,2024-06-23,4,"I  love  this  product,  will  buy  again!"
175,3,6,2024-11-02,3,"Good  quality,  but  could  be  cheaper."
176,21,11,2023-11-23,3,"The  product  is  okay,  but  the  instructions  were  unclear."
177,93,19,2025-07-03,4,"I  love  this  product,  will  buy  again!"
178,17,20,2025-05-25,4,The  quality  is    top-notch.
179,46,20,2025-11-26,4,"Great  purchase,  very  satisfied."
180,77,5,2023-03-08,4,"Great  purchase,    very  satisfied."
181,4,3,2024-08-09,4,The  build  quality  is  impressive.
182,21,11,2024-03-08,5,"Excellent  product,  highly  recommend!"
183,13,5,2025-06-08,4,"Great  purchase,  very  satisfied."
184,59,5,2024-12-29,4,Shipping  was  fast  and  the  item  was  well-packaged.
185,8,6,2023-11-13,2,Product  did  not  meet  my  expectations.
186,22,13,2023-02-17,4,The  quality  is  top-notch.
187,58,18,2025-05-01,4,The  quality  is  top-notch.
188,70,5,2025-09-19,5,Exceeded  my  expectations!
189,83,7,2025-03-13,2,The  product    arrived  late.
190,83,3,2023-08-10,3,"Good  quality,  but  could  be  cheaper."
191,68,3,2024-09-05,4,"Great  purchase,    very  satisfied."
192,42,17,2023-08-04,5,"Excellent  product,  highly  recommend!"
193,84,20,2024-06-21,3,"The  product  is  okay,  but  the  instructions  were    unclear."
194,7,7,2025-05-19,1,The  product  arrived  late.
195,75,5,2023-10-25,5,Amazing  value  for  the  price.
196,91,2,2023-10-29,3,"Average  experience,  nothing  special."
197,51,15,2024-11-27,4,"I  love  this  product,    will  buy  again!"
198,57,8,2023-08-27,5,Five  stars  for  the  quick  delivery.
199,6,13,2024-08-20,5,The    quality  is  top-notch.
200,30,17,2025-01-09,3,"Good  quality,  but  could  be  cheaper."
201,59,6,2023-05-23,2,Not  worth  the  money.
202,33,9,2023-09-06,5,Amazing  value  for  the  price.
203,66,18,2023-11-22,3,"Average  experience,  nothing  special."
204,95,14,2024-11-29,4,"Great  purchase,  very    satisfied."
205,88,12,2023-04-06,5,Amazing  value  for  the  price.
206,72,14,2023-08-22,4,Shipping  was  fast  and  the  item  was  well-packaged.
207,95,18,2025-06-07,4,"I  love  this  product,  will  buy  again!"
208,94,8,2023-03-25,4,"Great  purchase,  very  satisfied."
209,70,8,2025-11-05,3,"Average  experience,  nothing  special."
210,28,1,2023-12-10,2,The  product  arrived  late.
211,84,12,2025-03-07,4,Five  stars  for  the  quick  delivery.
212,87,10,2023-01-03,1,"Terrible  customer  service,  would  not  buy  again."
213,7,13,2024-04-09,5,Shipping  was  fast  and    the  item  was  well-packaged.
214,53,18,2025-04-13,3,Five  stars  for  the  quick  delivery.
215,55,10,2024-01-07,2,Product  did  not  meet  my  expectations.
216,49,7,2023-11-14,3,"The  product  is  okay,  but  the  instructions  were  unclear."
217,62,11,2023-08-19,5,Amazing  value    for  the  price.
218,35,8,2024-09-14,4,The  quality  is  top-notch.
219,90,9,2023-02-18,4,Five  stars  for  the  quick  delivery.
220,78,9,2025-08-12,2,Disappointed  with  the  performance.
221,26,2,2024-10-21,4,The  build  quality  is  impressive.
222,54,14,2024-02-28,5,Customer  support  was  very  helpful.
223,37,16,2023-07-31,5,Exceeded  my  expectations!
224,68,15,2023-03-27,4,"Great  purchase,    very  satisfied."
225,80,1,2025-09-08,3,"The  product  is  okay,  but  the  instructions  were  unclear."
226,60,9,2023-08-23,2,The  product  arrived  late.
227,74,11,2024-08-10,4,"Good    quality,  but  could  be  cheaper."
228,20,19,2025-10-23,2,"The  product  is  okay,  but  the  instructions  were  unclear."
229,69,12,2023-02-07,4,The    quality  is  top-notch.
230,54,11,2023-10-19,2,The  product  arrived  late.
231,15,16,2025-04-15,5,Five  stars  for  the  quick  delivery.
232,17,3,2025-10-11,5,Five  stars  for  the  quick  delivery.
233,81,4,2024-11-14,2,The  product  arrived  late.
234,80,9,2023-03-06,5,The  build  quality  is  impressive.
235,54,3,2024-03-18,4,Customer  support  was  very  helpful.
236,55,16,2025-03-03,5,"Great  purchase,  very  satisfied."
237,44,2,2025-09-29,4,The  quality  is  top-notch.
238,47,9,2023-04-18,4,"Great  purchase,  very  satisfied."
239,45,9,2024-01-28,5,Exceeded  my  expectations!
240,20,16,2024-11-09,5,Five  stars  for  the  quick  delivery.
241,61,15,2024-04-22,4,Five  stars  for  the  quick  delivery.
242,20,20,2025-06-07,4,The  quality  is  top-notch.
243,24,11,2023-02-17,1,I  had  a  bad  experience  with  this  product.
244,36,4,2023-08-25,4,"Great  purchase,  very  satisfied."
245,50,3,2023-03-23,3,"Good  quality,  but  could  be  cheaper."
246,71,12,2023-07-23,4,The    quality  is  top-notch.
247,28,6,2025-11-24,5,"Excellent  product,  highly    recommend!"
248,81,6,2023-07-15,3,"Good  quality,  but  could  be  cheaper."
249,75,2,2023-01-04,1,"Not    satisfied,  the  product  broke  after  a  week."
250,22,11,2023-09-21,1,The  product  stopped  working  after  a  month.
251,16,2,2024-02-01,4,"Good  quality,  but  could  be  cheaper."
252,6,6,2025-03-18,5,The  build  quality  is    impressive.
253,75,15,2024-08-03,3,"Great  purchase,  very  satisfied."
254,30,19,2025-12-31,3,"Average  experience,  nothing  special."
255,13,16,2024-01-23,5,"I  love  this  product,  will  buy  again!"
256,91,3,2024-02-11,4,"Good  quality,  but  could  be  cheaper."
257,84,13,2023-10-03,3,"Average  experience,  nothing    special."
258,34,7,2025-05-13,4,"Great    purchase,  very  satisfied."
259,75,2,2023-08-24,3,"The  product  is  okay,  but  the  instructions  were  unclear."
260,44,18,2024-03-07,3,"Average  experience,  nothing  special."
261,29,12,2024-10-15,4,Customer  support  was  very  helpful.
262,45,7,2024-07-07,5,Five  stars  for    the  quick  delivery.
263,47,8,2024-10-21,4,Customer  support  was  very  helpful.
264,96,18,2025-08-19,4,Shipping  was  fast  and  the    item  was  well-packaged.
265,22,19,2024-05-14,4,"I  love  this  product,  will  buy  again!"
266,62,5,2025-02-22,5,"Excellent  product,    highly  recommend!"
267,55,19,2023-12-01,3,"The  product  is    okay,  but  the  instructions  were  unclear."
268,98,17,2023-10-28,5,The  build  quality    is  impressive.
269,75,4,2023-11-18,4,The  quality  is  top-notch.
270,46,6,2023-09-25,1,The  color  was  different  from  what  was  shown.
271,21,17,2025-08-08,5,The    build  quality  is  impressive.
272,39,17,2023-03-26,5,Shipping  was  fast  and  the  item  was  well-packaged.
273,10,2,2024-10-09,5,Shipping  was  fast  and  the  item  was  well-packaged.
274,93,11,2023-04-07,5,"I  love  this  product,  will  buy  again!"
275,45,12,2023-04-03,4,Five  stars  for  the  quick  delivery.
276,86,1,2025-01-29,5,The  quality  is  top-notch.
277,22,6,2025-03-21,4,The  quality  is  top-notch.
278,80,20,2023-03-01,5,Amazing  value  for  the  price.
279,86,5,2023-07-21,5,Customer  support  was  very  helpful.
280,68,19,2023-11-09,4,"Good  quality,  but  could  be  cheaper."
281,71,5,2025-11-19,4,"I  love  this  product,  will  buy  again!"
282,59,5,2023-02-17,3,"Average  experience,  nothing  special."
283,87,13,2023-02-14,5,"I  love  this  product,  will  buy  again!"
284,89,13,2023-09-01,4,"Great  purchase,  very  satisfied."
285,29,3,2023-08-25,4,"Good  quality,  but  could    be  cheaper."
286,53,16,2023-05-04,5,"I  love  this  product,  will  buy  again!"
287,75,6,2025-02-14,5,"I  love  this  product,  will    buy  again!"
288,68,17,2024-06-21,5,"Excellent  product,  highly  recommend!"
289,87,15,2023-10-04,5,Customer  support  was    very  helpful.
290,20,14,2024-09-23,2,"Average  experience,  nothing  special."
291,17,7,2025-12-06,5,"I  love  this  product,  will  buy  again!"
292,15,7,2025-10-19,5,Customer  support  was  very  helpful.
293,25,13,2023-02-14,3,Not  worth    the  money.
294,63,13,2023-11-09,3,Not  worth  the  money.
295,61,6,2024-10-13,3,"The  product  is  okay,  but  the  instructions  were  unclear."
296,85,18,2023-12-13,4,The    quality  is  top-notch.
297,92,16,2023-08-06,3,"Average  experience,  nothing  special."
298,41,15,2025-06-13,4,Five  stars  for  the  quick  delivery.
299,93,13,2024-02-01,1,Product  did  not  meet  my  expectations.
300,22,18,2023-05-09,2,Disappointed  with  the  performance.
301,6,7,2023-05-30,4,"I  love  this  product,  will  buy  again!"
302,64,19,2024-10-08,5,The  quality  is  top-notch.
303,20,10,2024-04-25,4,"Great  purchase,  very  satisfied."
304,66,14,2023-02-01,3,"Average    experience,  nothing  special."
305,87,7,2023-08-25,4,Customer  support  was  very  helpful.
306,52,8,2025-07-19,3,"Average  experience,  nothing  special."
307,63,16,2025-01-08,5,Exceeded  my  expectations!
308,90,14,2023-04-02,5,Shipping  was  fast  and  the  item  was  well-packaged.
309,70,11,2023-02-02,3,"Good  quality,  but  could  be  cheaper."
310,40,1,2024-11-30,5,Exceeded  my  expectations!
311,52,11,2023-11-14,4,Shipping  was  fast  and  the  item  was  well-packaged.
312,90,3,2023-11-05,2,The  product  arrived  late.
313,13,3,2024-01-14,4,"I    love  this  product,  will  buy  again!"
314,22,17,2025-10-06,2,Product  did  not  meet  my  expectations.
315,32,7,2025-06-13,4,The  quality  is  top-notch.
316,48,4,2025-08-15,5,Five  stars  for  the  quick    delivery.
317,15,6,2023-08-04,3,"The  product  is  okay,  but  the  instructions  were  unclear."
318,97,4,2023-12-15,4,"Good  quality,  but  could  be  cheaper."
319,86,6,2024-12-11,5,Shipping  was  fast  and  the  item  was  well-packaged.
320,79,17,2023-02-24,4,The  quality  is  top-notch.
321,58,12,2024-04-17,4,"Good  quality,  but  could  be  cheaper."
322,76,13,2024-12-01,4,"Great    purchase,  very  satisfied."
323,47,4,2023-04-24,4,Shipping  was    fast  and  the  item  was  well-packaged.
324,89,5,2024-07-08,4,Shipping  was  fast  and  the  item    was  well-packaged.
325,78,6,2023-04-17,4,"Good  quality,  but  could  be  cheaper."
326,17,14,2024-06-15,4,The  quality  is  top-notch.
327,95,8,2023-08-25,4,The  quality  is  top-notch.
328,100,13,2024-02-20,2,Not  worth  the  money.
329,6,9,2024-12-07,3,The  quality  is  top-notch.
330,22,14,2023-03-18,4,The  quality  is  top-notch.
331,68,4,2023-08-17,5,"I  love  this  product,  will  buy  again!"
332,2,10,2024-11-06,5,The  build  quality  is  impressive.
333,87,5,2024-06-02,4,"I  love  this  product,  will  buy  again!"
334,70,9,2025-04-14,5,Five  stars  for  the  quick    delivery.
335,75,14,2024-03-12,5,"Great  purchase,  very  satisfied."
336,8,8,2024-02-07,2,The  product  arrived  late.
337,32,19,2024-05-22,3,"The  product  is  okay,  but  the  instructions  were  unclear."
338,98,4,2023-01-22,2,The  product  arrived  late.
339,38,2,2025-01-11,5,Exceeded  my    expectations!
340,95,17,2025-09-16,5,"I  love  this  product,  will  buy  again!"
341,62,3,2024-11-04,2,Not  worth  the  money.
342,19,4,2025-06-15,4,The  build  quality  is  impressive.
343,84,4,2025-04-13,3,"Average  experience,  nothing  special."
344,21,10,2025-11-02,3,Not  worth  the  money.
345,48,4,2024-07-24,4,"I  love  this  product,  will  buy  again!"
346,84,15,2025-06-27,5,The  build  quality  is  impressive.
347,75,16,2025-08-19,1,Disappointed    with  the  performance.
348,52,13,2024-03-05,2,Not  worth  the  money.
349,26,11,2024-11-19,3,"I  love  this  product,  will  buy  again!"
350,57,6,2025-08-22,3,Not    worth  the  money.
351,55,5,2023-05-02,3,"The  product  is  okay,  but    the  instructions  were  unclear."
352,43,11,2025-12-22,3,"Average  experience,  nothing  special."
353,36,15,2025-09-08,5,"Great    purchase,  very  satisfied."
354,50,18,2024-01-03,2,"Average  experience,  nothing  special."
355,59,9,2024-03-04,2,"Average  experience,  nothing  special."
356,86,14,2023-11-23,1,The  product  arrived  late.
357,1,3,2024-04-01,4,Five  stars  for  the  quick  delivery.
358,13,15,2023-11-20,3,"Average  experience,  nothing  special."
359,79,15,2024-05-04,5,Amazing  value  for  the  price.
360,33,15,2025-09-09,5,"Excellent  product,  highly  recommend!"
361,71,7,2024-02-12,5,"Excellent  product,  highly  recommend!"
362,33,11,2024-02-11,3,"The  product  is  okay,  but  the  instructions  were  unclear."
363,17,15,2025-04-15,4,"Good  quality,  but  could  be  cheaper."
364,46,8,2024-04-26,5,The  build  quality  is  impressive.
365,90,20,2025-10-24,3,"Good  quality,  but  could  be    cheaper."
366,46,7,2023-11-14,5,Shipping  was  fast  and  the  item  was  well-packaged.
367,96,1,2024-07-02,3,Not  worth  the    money.
368,34,8,2025-05-11,1,"Not  satisfied,  the  product  broke  after  a  week."
369,48,4,2024-12-19,4,Customer  support  was  very  helpful.
370,73,6,2023-04-13,4,The  quality  is  top-notch.
371,29,1,2024-01-20,2,Product  did  not  meet  my  expectations.
372,91,6,2023-05-10,4,"I  love  this  product,  will    buy  again!"
373,92,14,2025-07-12,1,"Average  experience,  nothing  special."
374,89,12,2023-02-08,1,The  product    stopped  working  after  a  month.
375,73,4,2024-12-16,5,The  build  quality  is  impressive.
376,38,6,2023-07-03,3,"Good  quality,    but  could  be  cheaper."
377,77,4,2023-11-29,5,"Excellent  product,  highly  recommend!"
378,64,9,2024-03-20,2,The  product  arrived    late.
379,62,4,2023-01-27,5,The    quality  is  top-notch.
380,52,4,2024-02-23,4,"I  love    this  product,  will  buy  again!"
381,45,4,2024-01-24,3,"Good  quality,  but    could  be  cheaper."
382,38,7,2023-09-03,4,"Good  quality,    but  could  be  cheaper."
383,54,13,2024-09-05,5,Amazing  value  for  the  price.
384,20,3,2025-06-04,3,Not  worth  the  money.
385,81,5,2023-06-09,4,Five  stars  for  the  quick  delivery.
386,86,5,2024-04-09,3,"Good  quality,  but  could  be  cheaper."
387,42,14,2025-03-29,5,Shipping  was  fast  and  the    item  was  well-packaged.
388,99,1,2025-12-10,1,Disappointed  with  the  performance.
389,14,2,2024-09-14,5,"Excellent  product,  highly  recommend!"
390,30,10,2023-05-22,3,"Good  quality,  but  could  be  cheaper."
391,98,20,2024-01-05,3,"Average  experience,  nothing  special."
392,93,11,2023-06-29,5,Amazing  value  for  the  price.
393,6,20,2024-04-18,2,Product  did  not  meet  my  expectations.
394,7,4,2024-10-19,3,"The  product  is  okay,  but  the  instructions  were  unclear."
395,35,9,2025-04-12,4,The  quality  is  top-notch.
396,75,6,2025-09-12,3,"Good    quality,  but  could  be  cheaper."
397,11,14,2024-04-23,4,The  quality  is  top-notch.
398,17,7,2023-09-02,5,"I  love  this  product,  will  buy  again!"
399,68,1,2024-07-21,3,"Average  experience,  nothing  special."
400,42,10,2023-06-30,3,Not  worth  the  money.
401,93,18,2024-04-13,4,"Good  quality,  but  could  be  cheaper."
402,68,12,2025-12-16,4,The  build  quality  is  impressive.
403,53,14,2023-06-18,3,"Good  quality,  but    could  be  cheaper."
404,90,7,2025-06-04,4,The  quality  is  top-notch.
405,43,4,2025-09-10,5,Exceeded  my    expectations!
406,11,9,2025-12-15,5,Exceeded  my  expectations!
407,79,11,2023-01-12,2,Disappointed  with  the    performance.
408,17,4,2023-12-12,5,The  build  quality  is  impressive.
409,59,19,2023-02-22,5,"I  love  this  product,  will  buy    again!"
410,83,1,2023-01-11,1,Product  did  not  meet  my  expectations.
411,32,15,2023-03-05,3,"The  product  is  okay,  but  the    instructions  were  unclear."
412,83,7,2024-05-10,4,Customer  support  was  very  helpful.
413,60,12,2023-08-24,5,The  build  quality  is  impressive.
414,59,14,2025-07-31,4,"I  love  this  product,  will  buy  again!"
415,97,8,2025-06-04,2,Disappointed  with  the    performance.
416,15,17,2023-04-19,5,The  quality  is  top-notch.
417,9,16,2024-11-28,3,Not  worth  the  money.
418,94,2,2025-03-02,1,"Not  satisfied,  the  product  broke  after  a    week."
419,68,6,2025-09-01,1,The  color  was  different  from  what  was  shown.
420,18,11,2023-06-10,5,"I  love  this    product,  will  buy  again!"
421,75,13,2025-08-18,5,The  quality  is  top-notch.
422,81,17,2025-09-30,4,The  quality  is  top-notch.
423,76,18,2023-08-01,2,Product  did  not  meet  my  expectations.
424,53,11,2024-03-21,4,Customer  support  was  very  helpful.
425,89,6,2025-03-04,2,Not  worth  the  money.
426,74,17,2024-04-07,4,Shipping  was  fast  and  the  item  was  well-packaged.
427,81,11,2025-08-20,4,Five  stars  for  the  quick  delivery.
428,58,9,2025-01-17,5,The  build    quality  is  impressive.
429,71,2,2023-06-08,4,Customer    support  was  very  helpful.
430,99,9,2025-08-03,2,"Average  experience,  nothing  special."
431,94,11,2023-02-10,3,Not  worth  the  money.
432,31,18,2025-02-14,4,"I  love  this  product,  will  buy  again!"
433,72,2,2025-06-11,5,The  quality  is  top-notch.
434,7,18,2023-02-25,5,"Great  purchase,  very  satisfied."
435,65,1,2023-02-28,5,Amazing  value  for  the  price.
436,11,1,2024-01-03,4,Shipping  was  fast    and  the  item  was  well-packaged.
437,73,4,2023-06-24,5,"Excellent  product,  highly  recommend!"
438,72,20,2023-09-13,5,Five  stars  for  the  quick  delivery.
439,67,11,2025-11-11,3,"The  product  is  okay,  but  the  instructions  were  unclear."
440,93,7,2023-07-22,3,Not  worth  the  money.
441,12,6,2023-09-03,1,Product  did    not  meet  my  expectations.
442,28,8,2025-04-06,1,The  product  stopped  working  after  a  month.
443,37,13,2024-01-19,3,"Good  quality,  but  could  be  cheaper."
444,22,16,2023-10-20,5,The  build  quality  is  impressive.
445,25,14,2023-05-27,3,"Good  quality,  but  could  be  cheaper."
446,84,14,2025-06-10,5,The  quality  is  top-notch.
447,38,2,2024-08-19,4,Shipping    was  fast  and  the  item  was  well-packaged.
448,75,12,2025-12-25,4,"Excellent  product,  highly  recommend!"
449,43,14,2024-03-10,5,Shipping  was  fast  and  the  item  was  well-packaged.
450,92,4,2024-08-04,5,Amazing  value  for  the  price.
451,68,11,2023-04-18,5,"Excellent  product,  highly  recommend!"
452,42,19,2024-08-28,4,"Good  quality,  but  could  be  cheaper."
453,100,2,2023-04-23,4,Customer  support  was  very  helpful.
454,27,9,2025-09-17,4,Customer  support    was  very  helpful.
455,79,20,2024-07-30,3,"The  product  is  okay,  but  the  instructions  were  unclear."
456,2,1,2024-01-09,2,Product  did  not  meet  my  expectations.
457,29,1,2024-12-12,3,"The  product  is  okay,  but  the  instructions  were  unclear."
458,42,20,2025-07-05,4,"Good  quality,  but  could  be  cheaper."
459,90,17,2023-06-16,4,Five  stars  for  the  quick  delivery.
460,92,16,2025-08-09,4,"Good  quality,  but  could  be  cheaper."
461,66,5,2025-10-11,4,The  quality  is  top-notch.
462,85,14,2023-02-02,5,The    build  quality  is  impressive.
463,5,2,2025-11-02,3,"Great  purchase,  very    satisfied."
464,73,11,2024-05-28,4,"Great  purchase,  very    satisfied."
465,43,12,2025-12-14,1,Disappointed    with  the  performance.
466,49,16,2023-02-16,5,Shipping  was  fast  and  the  item  was  well-packaged.
467,29,16,2023-07-16,3,"The  product  is  okay,  but  the  instructions  were  unclear."
468,12,12,2024-01-09,5,"Excellent  product,  highly  recommend!"
469,54,13,2023-10-06,4,Customer  support  was  very  helpful.
470,46,1,2025-10-24,4,Customer  support  was  very  helpful.
471,88,4,2024-04-26,5,The  quality  is  top-notch.
472,69,8,2024-12-05,4,Shipping  was  fast  and  the  item  was  well-packaged.
473,7,19,2024-08-03,1,The  product  arrived  late.
474,47,20,2025-05-31,3,"Good  quality,  but  could  be  cheaper."
475,74,20,2023-04-18,4,The  quality  is  top-notch.
476,54,10,2023-12-12,4,Customer  support    was  very  helpful.
477,91,10,2025-04-25,4,The    quality  is  top-notch.
478,79,6,2023-07-23,5,The  build  quality  is  impressive.
479,7,13,2024-12-28,4,Customer  support  was  very  helpful.
480,90,9,2023-07-22,5,"Great  purchase,  very  satisfied."
481,21,2,2024-12-02,4,Shipping  was  fast  and  the  item  was  well-packaged.
482,49,10,2025-07-11,5,Amazing  value  for  the  price.
483,28,20,2024-06-29,2,The  product  arrived  late.
484,36,10,2023-08-22,1,The  product  arrived  late.
485,66,18,2025-06-10,5,"I  love  this  product,  will  buy  again!"
486,44,3,2024-01-20,3,Not  worth  the  money.
487,78,3,2025-05-01,1,I  had  a  bad  experience  with  this  product.
488,89,12,2025-02-24,5,Exceeded  my  expectations!
489,15,8,2023-11-09,4,Five  stars    for  the  quick  delivery.
490,46,11,2025-07-05,4,Five  stars  for  the  quick  delivery.
491,59,6,2023-06-22,4,"Great  purchase,  very  satisfied."
492,94,20,2025-03-19,2,"The  product  is  okay,  but  the  instructions  were  unclear."
493,26,2,2024-07-16,5,"I  love  this  product,  will  buy  again!"
494,2,13,2025-05-25,5,Five  stars  for  the  quick  delivery.
495,56,7,2023-04-26,4,Customer  support  was  very  helpful.
496,87,1,2024-01-29,5,Exceeded  my  expectations!
497,90,6,2024-02-21,4,Customer  support  was  very  helpful.
498,81,17,2025-01-17,3,"The  product  is  okay,  but  the  instructions  were  unclear."
499,72,6,2024-08-26,4,Shipping  was  fast  and  the  item  was  well-packaged.
500,57,9,2025-12-20,2,Not  worth  the  money.
501,39,12,2023-12-01,4,Customer  support  was    very  helpful.
502,5,1,2025-11-10,2,Product    did  not  meet  my  expectations.
503,5,16,2024-07-03,2,Product  did  not  meet    my  expectations.
504,35,8,2024-01-18,4,Five  stars  for  the  quick  delivery.
505,82,2,2024-07-11,5,"Great  purchase,  very  satisfied."
506,80,8,2025-10-19,2,"Average  experience,    nothing  special."
507,66,3,2024-12-10,3,Customer  support    was  very  helpful.
508,64,14,2025-01-19,3,"Good  quality,  but  could  be    cheaper."
509,5,11,2024-05-25,5,The  quality  is  top-notch.
510,20,6,2024-11-05,4,"Great  purchase,  very  satisfied."
511,55,15,2025-04-01,1,Not    worth  the  money.
512,11,1,2025-01-15,3,Shipping  was  fast  and  the  item  was  well-packaged.
513,21,3,2025-11-09,5,Amazing  value    for  the  price.
514,72,15,2023-06-18,2,"Average  experience,  nothing  special."
515,89,3,2024-12-06,3,"The  product  is  okay,  but  the  instructions  were  unclear."
516,46,18,2025-01-03,4,The  quality    is  top-notch.
517,29,4,2024-03-30,5,"Great  purchase,  very    satisfied."
518,17,12,2024-04-27,4,"Good  quality,  but  could  be  cheaper."
519,58,4,2023-03-06,3,"The  product  is  okay,  but  the  instructions  were  unclear."
520,63,1,2024-08-24,3,"Good  quality,  but  could  be  cheaper."
521,47,5,2024-03-31,2,Product  did  not  meet  my  expectations.
522,8,10,2023-08-04,1,Product    did  not  meet  my  expectations.
523,8,12,2023-12-07,5,Shipping  was  fast  and  the  item  was  well-packaged.
524,27,4,2025-09-01,4,The  quality  is  top-notch.
525,1,1,2023-11-23,4,"I  love  this  product,  will  buy  again!"
526,74,3,2025-05-20,3,"Good    quality,  but  could  be  cheaper."
527,27,14,2024-07-03,3,Not  worth    the  money.
528,81,16,2024-11-09,5,Five  stars  for  the  quick  delivery.
529,19,11,2025-05-05,4,Five  stars    for  the  quick  delivery.
530,48,10,2025-11-24,5,"Great  purchase,  very  satisfied."
531,65,3,2024-07-21,5,Exceeded  my  expectations!
532,6,6,2023-05-30,5,The  quality  is  top-notch.
533,92,6,2024-04-06,4,The  quality  is  top-notch.
534,41,2,2025-07-02,4,"Great  purchase,  very  satisfied."
535,85,13,2023-03-25,4,"I  love  this  product,  will  buy  again!"
536,33,19,2024-12-29,2,Not  worth  the  money.
537,8,9,2023-03-11,4,Shipping  was  fast  and  the  item    was  well-packaged.
538,29,16,2025-11-12,4,"Good  quality,  but  could  be  cheaper."
539,74,17,2024-12-02,4,The  quality  is  top-notch.
540,28,18,2025-12-09,3,"Good  quality,  but  could  be  cheaper."
541,73,20,2025-08-08,5,"I  love  this  product,  will  buy  again!"
542,49,5,2023-07-11,1,"Not    satisfied,  the  product  broke  after  a  week."
543,64,17,2023-10-31,5,The  build  quality  is  impressive.
544,65,6,2023-10-29,5,The  quality  is  top-notch.
545,45,13,2024-06-11,4,Customer  support  was  very  helpful.
546,33,1,2024-11-14,5,Exceeded  my  expectations!
547,28,11,2024-05-28,1,The  product  arrived  late.
548,40,12,2023-01-11,5,Amazing  value  for  the  price.
549,73,15,2025-04-06,4,Five  stars  for  the  quick    delivery.
550,51,12,2024-10-07,3,Shipping  was  fast  and  the  item  was  well-packaged.
551,45,2,2025-04-17,3,"Good  quality,  but  could  be  cheaper."
552,68,1,2023-07-28,4,"Great  purchase,  very  satisfied."
553,60,20,2025-04-26,5,Customer  support  was  very  helpful.
554,18,1,2024-08-16,2,The  product  arrived  late.
555,69,18,2025-11-24,5,Customer  support  was  very  helpful.
556,91,6,2025-01-04,4,"Great  purchase,  very  satisfied."
557,55,10,2024-07-28,3,"Great  purchase,    very  satisfied."
558,83,13,2025-02-11,4,"I  love  this  product,  will  buy  again!"
559,46,12,2024-05-16,4,"I  love  this  product,  will  buy  again!"
560,24,6,2024-11-08,5,Exceeded  my  expectations!
561,6,5,2025-02-27,1,The  product  stopped  working  after  a  month.
562,41,5,2024-02-25,3,Not  worth  the  money.
563,86,13,2025-02-27,4,"Good  quality,  but  could  be  cheaper."
564,9,12,2025-10-13,5,Customer  support  was  very  helpful.
565,60,20,2024-06-30,1,"Terrible  customer  service,  would  not    buy  again."
566,89,10,2025-08-15,4,Five    stars  for  the  quick  delivery.
567,78,16,2024-02-21,5,Shipping  was  fast  and  the  item  was  well-packaged.
568,17,13,2024-08-04,4,"I  love  this  product,  will  buy  again!"
569,58,9,2024-07-17,5,Exceeded  my    expectations!
570,50,15,2025-04-29,4,Customer  support  was  very  helpful.
571,2,8,2024-10-15,3,"Average  experience,  nothing  special."
572,37,16,2025-04-23,4,"Great  purchase,  very    satisfied."
573,57,8,2024-04-27,4,Customer  support  was  very  helpful.
574,72,9,2025-10-13,5,Shipping  was  fast  and  the  item  was  well-packaged.
575,93,14,2025-09-19,5,"Great  purchase,  very  satisfied."
576,71,9,2025-10-04,5,Amazing  value  for  the  price.
577,65,9,2024-04-18,4,"I  love  this  product,  will  buy  again!"
578,32,15,2023-08-01,5,The  quality  is  top-notch.
579,24,8,2024-01-16,4,"Good  quality,  but  could  be  cheaper."
580,48,1,2025-04-15,3,"Average    experience,  nothing  special."
581,69,18,2024-03-19,4,The  quality  is  top-notch.
582,65,9,2023-01-29,5,Exceeded  my    expectations!
583,88,8,2025-07-03,5,Five  stars  for  the  quick  delivery.
584,70,20,2024-12-04,4,Exceeded  my  expectations!
585,87,12,2025-10-23,4,"I  love  this  product,  will  buy  again!"
586,7,17,2023-04-11,2,Not  worth  the  money.
587,31,17,2025-08-31,3,Not  worth    the  money.
588,39,18,2025-09-03,3,Shipping  was  fast  and  the  item  was  well-packaged.
589,64,4,2024-03-21,3,Not    worth  the  money.
590,27,4,2024-09-13,3,Not  worth  the  money.
591,65,12,2024-10-29,5,Five  stars    for  the  quick  delivery.
592,100,1,2025-01-18,3,"The  product  is  okay,  but  the  instructions  were  unclear."
593,62,8,2025-06-12,5,The  build  quality  is  impressive.
594,14,4,2025-10-01,2,Not  worth  the  money.
595,46,5,2025-09-18,4,Exceeded    my  expectations!
596,48,15,2025-06-27,3,"Good  quality,  but  could    be  cheaper."
597,11,1,2025-09-07,5,The  quality  is  top-notch.
598,3,2,2023-08-04,5,Amazing  value  for  the  price.
599,94,19,2025-08-01,5,Customer  support  was  very  helpful.
600,65,3,2025-01-11,2,Not  worth    the  money.
601,25,11,2025-07-31,5,Amazing    value  for  the  price.
602,56,8,2023-02-08,3,Not  worth  the  money.
603,88,4,2024-07-02,5,Exceeded  my  expectations!
604,87,2,2023-06-10,3,"Average  experience,  nothing    special."
605,1,3,2023-06-17,3,"The  product  is  okay,  but  the  instructions  were  unclear."
606,48,8,2023-10-14,5,The  build  quality  is  impressive.
607,25,14,2025-07-07,3,"Great  purchase,  very  satisfied."
608,7,9,2023-03-21,4,"Great  purchase,  very  satisfied."
609,40,10,2025-10-23,3,"Average  experience,  nothing  special."
610,69,3,2025-01-29,5,"Great  purchase,  very  satisfied."
611,6,4,2023-12-06,2,"Average  experience,  nothing  special."
612,38,2,2025-06-17,4,"I  love  this  product,  will  buy  again!"
613,48,12,2025-02-10,3,"The  product  is  okay,  but  the  instructions    were  unclear."
614,23,2,2025-01-20,3,"I  love  this  product,  will  buy  again!"
615,98,1,2025-01-08,5,"Excellent    product,  highly  recommend!"
616,38,20,2023-11-14,5,Shipping  was  fast  and  the  item  was  well-packaged.
617,29,15,2025-12-22,4,Customer  support  was  very  helpful.
618,45,7,2024-08-21,4,Shipping  was  fast  and  the  item    was  well-packaged.
619,68,14,2023-12-06,5,Customer  support  was  very  helpful.
620,100,1,2024-10-22,5,Five  stars  for  the  quick  delivery.
621,70,14,2025-05-13,2,The  product  arrived  late.
622,30,4,2025-12-22,4,The  quality    is  top-notch.
623,5,1,2025-06-15,3,"Good  quality,  but  could  be  cheaper."
624,82,14,2023-11-28,5,Customer  support  was  very  helpful.
625,32,10,2023-02-20,5,"Great  purchase,  very    satisfied."
626,38,11,2025-12-18,5,Exceeded  my  expectations!
627,18,6,2023-06-26,5,Amazing  value  for    the  price.
628,22,4,2025-08-30,3,"Average  experience,  nothing  special."
629,16,20,2024-07-28,5,Exceeded  my    expectations!
630,31,10,2024-08-14,4,The  quality  is    top-notch.
631,73,12,2024-10-30,4,"Good  quality,  but  could  be    cheaper."
632,40,20,2023-02-24,3,"Average  experience,    nothing  special."
633,52,3,2023-12-26,2,The    product  arrived  late.
634,27,13,2024-02-25,4,"Good  quality,  but  could  be    cheaper."
635,85,16,2023-02-22,3,"The  product  is  okay,  but  the  instructions  were    unclear."
636,37,13,2023-12-18,4,Shipping  was  fast  and  the  item  was  well-packaged.
637,17,7,2024-08-21,3,"Good  quality,  but  could  be  cheaper."
638,63,16,2025-08-23,2,"Good  quality,  but  could  be  cheaper."
639,14,12,2024-07-07,5,Amazing  value  for  the  price.
640,23,14,2024-08-09,3,"The  product  is  okay,    but  the  instructions  were  unclear."
641,58,9,2024-01-05,1,I  had  a  bad  experience  with  this  product.
642,53,17,2025-04-28,2,Disappointed  with  the  performance.
643,89,16,2024-01-07,5,"Excellent  product,  highly  recommend!"
644,97,10,2023-11-25,5,Customer  support  was  very  helpful.
645,23,20,2023-11-02,5,Customer  support    was  very  helpful.
646,75,2,2023-10-09,5,"I    love  this  product,  will  buy  again!"
647,68,2,2023-01-03,4,Customer  support  was    very  helpful.
648,76,5,2023-03-19,4,"I  love  this  product,  will  buy  again!"
649,8,17,2025-02-05,2,Not  worth  the  money.
650,28,3,2024-11-08,4,Five  stars  for  the  quick  delivery.
651,38,9,2024-09-10,4,"Good  quality,  but  could  be  cheaper."
652,39,19,2025-05-06,5,The  quality  is  top-notch.
653,66,16,2025-01-14,5,Amazing  value  for  the  price.
654,46,8,2023-01-01,1,The  color  was  different  from  what  was  shown.
655,63,16,2023-04-06,4,The  quality  is  top-notch.
656,17,11,2024-07-22,3,"Good  quality,    but  could  be  cheaper."
657,35,11,2025-10-18,5,"Excellent  product,  highly  recommend!"
658,3,18,2025-06-16,1,Not  worth  the    money.
659,29,20,2023-03-16,5,The  build  quality  is  impressive.
660,62,5,2023-10-06,5,Shipping  was  fast  and  the  item  was  well-packaged.
661,40,18,2025-09-20,2,"Average  experience,  nothing  special."
662,15,5,2025-03-24,4,Shipping  was  fast  and  the  item  was  well-packaged.
663,23,10,2025-05-26,5,"Excellent  product,  highly    recommend!"
664,31,16,2025-08-11,3,"The  product  is  okay,  but  the  instructions  were  unclear."
665,99,12,2024-01-03,2,Product  did  not  meet  my  expectations.
666,53,19,2024-05-25,3,Not    worth  the  money.
667,80,14,2024-01-08,4,The  quality    is  top-notch.
668,55,4,2024-04-25,5,"Excellent  product,    highly  recommend!"
669,19,19,2025-12-31,4,Five  stars  for  the  quick  delivery.
670,53,13,2024-03-31,5,The  build  quality  is    impressive.
671,24,5,2023-03-28,3,"The  product  is  okay,  but  the  instructions  were  unclear."
672,95,14,2025-02-15,5,"Great    purchase,  very  satisfied."
673,74,12,2025-10-16,4,Customer  support  was  very  helpful.
674,29,1,2023-08-30,3,"The  product  is  okay,  but  the  instructions  were  unclear."
675,24,9,2025-02-07,2,Not  worth  the  money.
676,6,12,2024-03-14,5,The  build  quality  is    impressive.
677,6,17,2024-03-29,4,Five    stars  for  the  quick  delivery.
678,49,9,2025-05-19,3,"Average  experience,  nothing  special."
679,10,8,2025-09-29,2,Not  worth  the  money.
680,60,20,2025-06-12,4,Exceeded  my    expectations!
681,48,16,2024-03-21,5,The  quality  is  top-notch.
682,80,11,2023-01-05,1,"Not  satisfied,  the  product  broke  after  a  week."
683,22,10,2025-04-06,3,"Good  quality,  but  could  be  cheaper."
684,92,12,2025-01-12,2,Product  did  not  meet  my  expectations.
685,86,14,2024-03-22,1,The  color  was  different  from  what  was  shown.
686,31,17,2023-05-09,5,"I    love  this  product,  will  buy  again!"
687,86,17,2023-07-16,2,Not  worth  the  money.
688,32,12,2025-07-07,4,Customer  support  was  very  helpful.
689,34,16,2025-04-23,4,Customer  support  was  very  helpful.
690,61,19,2023-10-11,4,Five  stars  for  the  quick  delivery.
691,40,7,2024-07-27,3,Five  stars  for  the  quick  delivery.
692,64,10,2023-12-22,3,Not  worth  the    money.
693,58,10,2023-08-31,5,The  build  quality  is    impressive.
694,27,13,2024-07-05,3,"Average  experience,  nothing  special."
695,13,14,2023-09-15,4,Customer  support    was  very  helpful.
696,48,11,2023-10-07,4,Five  stars  for  the  quick  delivery.
697,13,7,2024-09-21,4,"Great  purchase,  very  satisfied."
698,4,18,2023-06-28,3,"The  product  is  okay,  but  the  instructions  were  unclear."
699,42,19,2023-01-30,3,Not  worth  the  money.
700,14,2,2023-11-23,4,"I    love  this  product,  will  buy  again!"
701,68,4,2023-01-02,5,Shipping  was  fast  and  the  item  was  well-packaged.
702,92,3,2025-02-06,3,Not  worth  the  money.
703,3,16,2024-04-17,5,Five  stars  for  the  quick  delivery.
704,8,20,2024-09-26,5,Exceeded  my  expectations!
705,88,11,2025-05-25,5,Exceeded    my  expectations!
706,75,5,2024-01-03,5,Exceeded  my    expectations!
707,96,16,2024-08-08,2,Not  worth  the  money.
708,70,17,2024-01-20,5,The  build  quality  is  impressive.
709,1,16,2023-02-25,5,Customer  support  was  very  helpful.
710,88,7,2025-09-26,5,Customer  support  was  very  helpful.
711,39,12,2023-12-07,5,"Excellent    product,  highly  recommend!"
712,53,17,2024-09-17,3,Not  worth  the  money.
713,55,12,2024-12-12,4,"I  love  this  product,  will  buy  again!"
714,76,2,2023-01-11,4,"Good  quality,  but  could  be  cheaper."
715,13,2,2024-03-26,4,"Great  purchase,  very  satisfied."
716,64,2,2023-08-12,3,"Good  quality,  but  could  be  cheaper."
717,82,1,2025-03-07,5,Exceeded  my  expectations!
718,30,20,2023-05-19,1,"Terrible  customer  service,  would  not  buy  again."
719,24,4,2025-12-03,2,"The  product  is  okay,  but  the  instructions  were  unclear."
720,41,4,2025-08-05,5,Shipping  was  fast  and  the  item  was    well-packaged.
721,4,15,2024-09-25,2,Not    worth  the  money.
722,68,16,2025-10-14,4,The  quality  is  top-notch.
723,84,7,2023-11-22,2,The  product  arrived  late.
724,31,3,2024-01-21,4,Shipping  was  fast  and  the  item  was  well-packaged.
725,13,6,2025-09-30,4,The  quality  is  top-notch.
726,33,20,2024-10-16,5,Customer  support  was    very  helpful.
727,39,1,2025-09-24,3,"Average  experience,  nothing  special."
728,30,1,2024-08-23,5,Customer  support  was  very  helpful.
729,99,9,2023-03-17,1,Not  worth  the  money.
730,67,6,2025-01-15,4,The  quality  is    top-notch.
731,4,7,2023-07-13,5,The  build    quality  is  impressive.
732,56,20,2025-03-02,4,"Excellent  product,  highly  recommend!"
733,75,13,2024-11-07,4,Customer  support  was  very  helpful.
734,63,2,2024-03-10,5,Five  stars  for  the  quick  delivery.
735,22,15,2024-03-02,4,Customer  support  was  very  helpful.
736,72,6,2023-10-17,5,"Excellent  product,  highly  recommend!"
737,45,15,2023-10-11,3,Not  worth  the  money.
738,3,12,2025-08-22,4,"Good  quality,  but  could  be  cheaper."
739,70,18,2023-07-05,3,"Average  experience,  nothing  special."
740,33,5,2025-02-05,2,"Good  quality,  but  could  be  cheaper."
741,3,9,2025-05-24,3,Not    worth  the  money.
742,84,7,2025-03-03,3,"Good  quality,  but  could  be  cheaper."
743,89,3,2023-05-15,3,Not  worth  the  money.
744,63,19,2023-03-31,3,Not  worth  the  money.
745,85,12,2024-05-17,5,Exceeded  my  expectations!
746,24,13,2024-03-28,5,"I  love    this  product,  will  buy  again!"
747,84,1,2023-04-27,5,"I  love  this  product,  will  buy  again!"
748,100,13,2025-09-15,3,"Great  purchase,    very  satisfied."
749,64,13,2025-06-28,2,Not  worth  the  money.
750,3,5,2024-06-20,4,The    quality  is  top-notch.
751,58,17,2025-07-11,5,"I  love  this  product,  will  buy  again!"
752,7,12,2024-10-11,1,Not  worth  the  money.
753,94,4,2023-01-29,5,The  build  quality  is  impressive.
754,55,11,2025-07-11,4,The  quality  is  top-notch.
755,27,15,2024-03-31,4,"Great  purchase,  very  satisfied."
756,94,8,2025-03-25,4,"Good  quality,  but  could  be  cheaper."
757,8,13,2023-09-27,4,Shipping  was  fast  and  the  item  was  well-packaged.
758,53,1,2024-05-23,2,"Average  experience,  nothing    special."
759,21,16,2024-12-13,2,Product  did  not  meet  my  expectations.
760,100,5,2025-12-18,3,Not    worth  the  money.
761,49,16,2025-03-17,3,Customer  support  was  very  helpful.
762,39,13,2025-05-31,4,Shipping  was  fast  and  the  item  was  well-packaged.
763,54,16,2023-08-16,3,"The  product  is  okay,  but  the  instructions  were  unclear."
764,84,11,2024-07-08,1,"Terrible  customer  service,  would  not  buy  again."
765,74,18,2024-12-11,1,Disappointed  with  the  performance.
766,83,7,2025-07-31,4,Five  stars  for  the  quick  delivery.
767,48,11,2023-10-09,5,Exceeded    my  expectations!
768,24,16,2023-02-18,4,Shipping  was  fast  and  the  item  was  well-packaged.
769,77,7,2024-09-02,5,"Excellent  product,    highly  recommend!"
770,52,1,2025-02-02,4,Customer  support  was  very  helpful.
771,32,12,2025-03-21,4,"Good  quality,  but  could  be  cheaper."
772,62,4,2023-09-13,4,Five    stars  for  the  quick  delivery.
773,17,14,2024-06-21,2,Disappointed  with  the  performance.
774,46,6,2025-12-10,5,"Great  purchase,    very  satisfied."
775,13,16,2025-08-31,4,"Great  purchase,  very    satisfied."
776,17,13,2023-01-12,5,Customer  support  was  very  helpful.
777,81,6,2024-02-14,5,Five  stars  for  the  quick  delivery.
778,97,7,2025-06-11,5,The  quality  is    top-notch.
779,66,17,2025-05-25,5,Five  stars  for  the  quick  delivery.
780,83,1,2025-10-23,5,The  build  quality  is  impressive.
781,68,13,2024-06-06,5,Exceeded  my  expectations!
782,25,3,2024-08-19,5,Customer  support  was  very  helpful.
783,21,18,2024-11-30,5,The  build  quality  is  impressive.
784,22,16,2024-12-09,2,"The  product  is  okay,  but  the  instructions  were  unclear."
785,9,10,2025-10-11,4,"I  love  this  product,  will  buy  again!"
786,37,13,2025-07-29,5,Five  stars  for  the  quick  delivery.
787,59,5,2024-08-08,3,"Average  experience,  nothing  special."
788,83,15,2025-05-16,3,Customer  support  was    very  helpful.
789,7,17,2023-04-08,5,Amazing  value  for  the  price.
790,73,9,2024-06-08,4,Shipping  was  fast  and  the  item  was  well-packaged.
791,11,18,2023-06-27,3,"Average  experience,  nothing    special."
792,88,14,2023-07-29,3,"The  product  is    okay,  but  the  instructions  were  unclear."
793,53,7,2025-05-21,5,"I  love  this  product,  will  buy  again!"
794,24,17,2024-12-03,5,"Excellent  product,  highly  recommend!"
795,4,14,2024-12-16,5,Customer  support  was  very  helpful.
796,27,17,2025-02-27,5,The  build  quality  is  impressive.
797,68,19,2025-02-22,5,The  quality  is    top-notch.
798,95,13,2023-08-22,2,"Average  experience,  nothing  special."
799,96,9,2025-07-17,3,"Average  experience,  nothing  special."
800,74,8,2024-05-23,5,Five  stars  for  the  quick  delivery.
801,36,10,2023-01-09,2,Not  worth  the  money.
802,12,16,2023-03-04,5,Shipping  was  fast  and  the  item  was  well-packaged.
803,6,11,2023-09-22,4,"I  love  this  product,  will  buy  again!"
804,16,8,2025-09-22,3,"Good  quality,  but  could  be  cheaper."
805,76,20,2024-10-28,2,Not  worth  the  money.
806,18,9,2023-08-28,5,The  quality  is  top-notch.
807,68,8,2025-03-06,3,"The  product  is  okay,  but  the  instructions  were  unclear."
808,49,6,2025-12-12,3,"Good  quality,  but  could  be    cheaper."
809,37,17,2023-08-20,2,Product  did  not  meet  my    expectations.
810,56,2,2025-06-24,2,Disappointed  with  the  performance.
811,10,2,2024-01-28,3,"The  product  is  okay,  but  the  instructions  were  unclear."
812,80,20,2025-04-19,4,"I  love  this  product,  will    buy  again!"
813,58,15,2024-03-28,5,The  quality  is  top-notch.
814,93,3,2024-10-28,3,Not  worth  the  money.
815,72,6,2025-11-19,1,I  had  a  bad  experience    with  this  product.
816,91,1,2024-01-11,4,"Great  purchase,    very  satisfied."
817,6,15,2024-11-17,3,Five  stars  for  the  quick  delivery.
818,55,20,2023-12-11,3,"Average  experience,  nothing    special."
819,20,15,2024-05-12,4,Shipping  was  fast  and  the  item    was  well-packaged.
820,47,19,2023-04-10,3,Not  worth  the  money.
821,98,12,2025-10-19,3,"The  product  is  okay,  but  the  instructions  were  unclear."
822,47,15,2023-01-28,4,"Great  purchase,  very  satisfied."
823,59,14,2024-09-29,5,Five    stars  for  the  quick  delivery.
824,77,13,2024-07-30,3,"Good  quality,  but  could  be  cheaper."
825,21,18,2023-01-10,1,"Not  satisfied,  the  product  broke  after  a  week."
826,8,11,2024-10-29,4,"Great  purchase,  very  satisfied."
827,84,18,2025-04-05,5,Shipping  was  fast  and  the  item  was  well-packaged.
828,53,20,2025-02-28,5,"I  love  this  product,  will  buy  again!"
829,31,9,2023-05-17,4,"Great  purchase,  very  satisfied."
830,61,19,2025-07-23,2,"Average  experience,  nothing    special."
831,48,17,2025-08-30,3,Not  worth  the  money.
832,44,17,2024-04-23,3,"Average  experience,  nothing  special."
833,31,18,2023-08-29,5,Exceeded  my    expectations!
834,74,1,2025-09-21,2,"Average    experience,  nothing  special."
835,12,12,2024-05-07,5,Exceeded  my  expectations!
836,52,9,2023-10-25,1,Product  did    not  meet  my  expectations.
837,19,16,2023-12-11,5,Customer  support  was  very  helpful.
838,61,17,2024-04-21,5,Shipping  was  fast  and  the    item  was  well-packaged.
839,79,7,2024-08-02,4,Shipping    was  fast  and  the  item  was  well-packaged.
840,44,10,2023-01-30,4,The  quality  is  top-notch.
841,88,10,2023-08-25,3,"The  product  is  okay,  but  the  instructions  were  unclear."
842,70,17,2024-10-03,5,The  build  quality  is  impressive.
843,51,13,2025-08-28,2,Not  worth    the  money.
844,66,10,2023-07-01,4,"I  love  this  product,  will    buy  again!"
845,89,7,2023-07-26,3,"The  product  is  okay,  but  the  instructions  were  unclear."
846,17,17,2024-04-22,4,The  quality  is  top-notch.
847,6,5,2025-05-29,1,"Terrible  customer  service,  would  not  buy  again."
848,6,18,2023-03-08,1,The  product  stopped  working  after  a  month.
849,78,10,2025-02-01,2,"Good  quality,  but  could  be  cheaper."
850,89,12,2023-07-24,4,The  quality  is  top-notch.
851,31,12,2025-11-29,5,The  quality  is  top-notch.
852,37,11,2024-12-03,4,Customer  support  was  very  helpful.
853,42,11,2023-05-19,3,"The  product  is  okay,  but    the  instructions  were  unclear."
854,7,5,2025-06-09,5,Shipping  was  fast    and  the  item  was  well-packaged.
855,2,7,2024-01-08,2,Not  worth  the  money.
856,23,6,2023-01-03,5,Customer  support  was  very  helpful.
857,11,15,2023-10-17,4,"Great  purchase,  very  satisfied."
858,92,17,2025-05-05,3,"Average  experience,  nothing  special."
859,6,19,2024-06-25,5,Amazing  value  for  the  price.
860,27,5,2025-01-26,3,Not  worth    the  money.
861,70,8,2024-04-18,5,"I  love  this  product,  will  buy  again!"
862,4,10,2025-01-17,2,Disappointed  with  the  performance.
863,93,5,2025-07-05,3,"The  product  is  okay,  but  the    instructions  were  unclear."
864,85,1,2025-01-16,4,Customer  support  was  very    helpful.
865,17,13,2025-03-03,4,"Good  quality,  but  could  be  cheaper."
866,36,16,2025-03-03,5,Customer  support  was  very  helpful.
867,7,8,2023-07-20,1,"Terrible  customer  service,  would  not  buy  again."
868,10,14,2024-11-01,4,Customer  support  was  very  helpful.
869,18,3,2023-02-02,4,Five  stars  for  the  quick  delivery.
870,19,2,2023-03-19,3,"Average  experience,  nothing  special."
871,3,5,2024-03-20,5,The    build  quality  is  impressive.
872,96,3,2025-04-14,2,Product  did    not  meet  my  expectations.
873,82,15,2025-06-21,5,Shipping  was  fast  and  the  item  was  well-packaged.
874,78,8,2025-11-09,4,The  build  quality  is  impressive.
875,44,20,2023-11-27,4,"Good  quality,  but  could  be  cheaper."
876,10,19,2024-06-19,1,The  product  stopped  working  after  a  month.
877,78,14,2024-08-28,3,"The  product  is  okay,  but  the  instructions  were  unclear."
878,24,10,2025-05-26,2,"Average  experience,  nothing  special."
879,2,6,2023-09-16,4,"Great  purchase,  very  satisfied."
880,29,13,2023-07-31,5,"Excellent  product,  highly  recommend!"
881,63,2,2023-04-25,4,"I  love  this  product,  will  buy  again!"
882,6,7,2024-10-08,4,"Great  purchase,  very  satisfied."
883,4,9,2023-07-08,4,"Great  purchase,  very  satisfied."
884,24,2,2023-11-08,5,Amazing  value  for  the  price.
885,58,6,2024-09-10,5,Customer  support  was  very  helpful.
886,95,15,2025-02-14,5,Customer  support  was  very  helpful.
887,38,10,2025-03-17,2,"Average  experience,  nothing  special."
888,83,4,2023-01-05,1,I  had  a  bad  experience  with  this  product.
889,45,15,2024-10-02,4,"Great    purchase,  very  satisfied."
890,59,5,2024-07-25,1,Product  did  not  meet  my  expectations.
891,48,9,2025-02-26,3,Not  worth  the  money.
892,27,4,2025-08-01,4,"Great  purchase,  very    satisfied."
893,51,3,2024-02-06,4,Customer  support  was  very  helpful.
894,82,4,2023-06-23,3,"The  product  is  okay,  but  the  instructions  were  unclear."
895,38,4,2024-10-28,5,Exceeded  my  expectations!
896,40,20,2025-10-17,4,Five  stars  for  the  quick  delivery.
897,48,5,2025-01-05,2,"The  product  is  okay,  but  the  instructions  were  unclear."
898,76,15,2023-09-18,5,Shipping  was  fast  and  the  item  was  well-packaged.
899,89,9,2024-01-02,4,"Good  quality,  but  could  be  cheaper."
900,10,5,2025-04-04,3,"The  product  is  okay,  but  the  instructions  were    unclear."
901,16,19,2023-02-15,4,The  quality  is  top-notch.
902,75,13,2025-07-02,4,"Great  purchase,  very  satisfied."
903,69,5,2025-10-05,4,Customer  support    was  very  helpful.
904,68,9,2025-12-24,4,Five  stars  for  the  quick  delivery.
905,82,4,2024-05-05,2,Not    worth  the  money.
906,92,17,2025-02-27,4,Five  stars  for  the  quick  delivery.
907,67,3,2023-10-21,5,Customer  support  was  very  helpful.
908,37,9,2025-03-28,3,Not  worth  the  money.
909,59,7,2023-09-08,4,"I  love  this  product,  will  buy  again!"
910,92,5,2023-06-14,4,The  quality  is  top-notch.
911,93,6,2024-06-27,1,Product  did    not  meet  my  expectations.
912,100,2,2025-10-27,2,Disappointed  with  the  performance.
913,64,5,2024-09-06,4,Customer  support  was  very  helpful.
914,81,19,2023-03-04,5,"Great    purchase,  very  satisfied."
915,55,5,2024-12-21,1,I  had  a  bad  experience  with  this  product.
916,40,5,2024-10-05,2,Not  worth  the  money.
917,44,20,2025-05-17,4,The  quality  is  top-notch.
918,50,4,2024-09-09,3,"The  product    is  okay,  but  the  instructions  were  unclear."
919,37,18,2025-02-14,1,"Terrible  customer  service,  would  not  buy  again."
920,28,1,2025-04-13,4,Customer  support  was  very  helpful.
921,93,11,2023-06-26,5,"Great  purchase,  very  satisfied."
922,92,4,2025-07-22,4,"Good  quality,  but  could  be  cheaper."
923,3,20,2024-02-07,5,"Excellent  product,  highly    recommend!"
924,62,19,2024-12-20,3,Customer  support    was  very  helpful.
925,2,20,2025-02-10,1,"Terrible  customer  service,  would    not  buy  again."
926,86,12,2023-06-17,4,Five  stars  for  the  quick  delivery.
927,21,4,2024-08-08,4,"Good  quality,  but  could  be  cheaper."
928,10,9,2024-05-25,4,Customer  support  was  very  helpful.
929,47,5,2024-10-09,5,Amazing  value  for  the  price.
930,83,19,2024-08-05,4,Five  stars  for  the  quick  delivery.
931,73,8,2023-09-27,5,"Excellent  product,  highly  recommend!"
932,11,20,2023-08-26,5,The  build  quality  is  impressive.
933,83,12,2023-01-11,3,Not  worth  the  money.
934,44,3,2023-04-26,5,"I  love  this    product,  will  buy  again!"
935,71,12,2025-08-28,5,"I  love  this  product,  will  buy  again!"
936,99,15,2023-09-23,4,"Good  quality,  but  could  be  cheaper."
937,96,9,2023-06-08,4,"Great  purchase,    very  satisfied."
938,29,12,2024-07-08,5,Shipping  was  fast  and  the  item  was  well-packaged.
939,42,6,2024-08-09,5,Customer  support  was  very  helpful.
940,15,12,2025-09-12,4,"Great    purchase,  very  satisfied."
941,13,9,2023-05-21,4,Five  stars  for  the  quick  delivery.
942,69,2,2023-02-19,5,"Excellent  product,  highly  recommend!"
943,70,19,2023-04-15,5,"Great  purchase,  very  satisfied."
944,72,2,2024-08-11,4,The  quality  is  top-notch.
945,46,5,2025-12-05,4,Shipping  was  fast  and  the  item  was  well-packaged.
946,96,7,2023-08-28,2,Disappointed  with  the  performance.
947,86,18,2025-11-02,2,"Average  experience,  nothing  special."
948,29,10,2025-01-22,5,Shipping  was  fast    and  the  item  was  well-packaged.
949,55,15,2025-08-25,1,Product  did    not  meet  my  expectations.
950,96,9,2024-02-09,5,Customer  support  was  very  helpful.
951,80,15,2024-07-11,2,Not  worth  the  money.
952,46,15,2025-01-14,5,Customer  support  was  very  helpful.
953,29,3,2025-11-22,4,Five  stars  for  the  quick  delivery.
954,26,8,2025-03-13,5,Shipping    was  fast  and  the  item  was  well-packaged.
955,53,12,2023-03-15,4,"Great  purchase,  very  satisfied."
956,33,2,2024-10-26,2,"Average  experience,  nothing  special."
957,37,15,2024-02-26,4,"I  love  this  product,  will  buy    again!"
958,45,1,2023-08-17,1,Not  worth  the  money.
959,85,9,2025-01-01,5,Amazing  value  for  the  price.
960,81,2,2024-03-23,4,Customer  support  was  very  helpful.
961,74,20,2024-07-10,5,"I  love  this    product,  will  buy  again!"
962,95,18,2024-10-16,4,"Good  quality,  but  could  be    cheaper."
963,36,6,2023-11-17,2,Product  did  not  meet  my  expectations.
964,60,18,2024-06-11,4,"Great  purchase,    very  satisfied."
965,25,7,2024-12-15,5,"Excellent  product,  highly  recommend!"
966,21,6,2025-09-30,4,"Good  quality,  but  could  be  cheaper."
967,94,12,2024-04-22,5,The  build    quality  is  impressive.
968,46,14,2024-08-07,5,The  quality  is  top-notch.
969,48,4,2023-04-09,3,"The  product  is  okay,  but  the  instructions  were  unclear."
970,43,2,2024-05-26,3,Not  worth  the  money.
971,5,5,2024-12-17,4,The  quality  is  top-notch.
972,18,19,2024-08-01,5,Exceeded    my  expectations!
973,4,4,2024-01-23,4,"I  love  this  product,  will  buy  again!"
974,13,6,2024-03-01,4,The  quality  is  top-notch.
975,84,15,2023-06-12,3,Not  worth  the  money.
976,80,7,2023-03-30,4,Shipping  was  fast  and  the  item    was  well-packaged.
977,44,10,2023-06-28,3,"Good  quality,  but  could    be  cheaper."
978,46,13,2025-07-18,5,Customer  support  was  very  helpful.
979,14,4,2024-03-16,4,"Good  quality,  but  could  be  cheaper."
980,92,14,2023-07-14,2,"Average  experience,  nothing  special."
981,48,10,2023-05-13,3,"The  product  is    okay,  but  the  instructions  were  unclear."
982,63,7,2023-11-28,4,"Great  purchase,  very  satisfied."
983,31,19,2024-05-28,5,Customer  support  was  very  helpful.
984,88,11,2023-08-23,3,"The  product  is  okay,  but  the    instructions  were  unclear."
985,78,11,2025-10-23,2,Not  worth  the  money.
986,20,7,2025-11-30,5,The  build  quality  is  impressive.
987,37,16,2024-09-15,4,"I  love  this  product,  will  buy  again!"
988,14,14,2025-04-06,4,"I  love  this  product,  will  buy  again!"
989,93,19,2023-06-11,4,"Great    purchase,  very  satisfied."
990,7,4,2023-05-05,4,Customer  support  was  very  helpful.
991,97,18,2025-03-10,4,Customer  support  was  very  helpful.
992,77,2,2023-08-16,3,Not  worth  the  money.
993,27,12,2025-01-10,2,"Good  quality,  but  could  be  cheaper."
994,62,5,2025-11-27,5,Customer  support  was  very  helpful.
995,17,8,2025-07-29,3,"The  product  is  okay,  but  the  instructions  were  unclear."
996,85,10,2025-01-05,5,Exceeded  my  expectations!
997,82,1,2023-10-03,4,"I  love  this  product,  will  buy  again!"
998,34,11,2025-05-18,4,Five  stars  for  the  quick  delivery.
999,37,8,2023-05-28,4,"I  love  this  product,  will  buy  again!"
1000,86,12,2025-11-17,4,"Good  quality,  but  could  be  cheaper."
1001,72,13,2023-12-06,3,"The  product  is  okay,  but  the  instructions  were  unclear."
1002,25,15,2025-05-15,4,Five  stars  for  the  quick  delivery.
1003,14,16,2025-03-31,5,Five  stars  for  the  quick  delivery.
1004,53,10,2024-01-14,4,Customer  support  was  very  helpful.
1005,82,17,2024-10-23,4,"Good  quality,  but  could  be  cheaper."
1006,87,2,2023-06-14,5,Exceeded  my  expectations!
1007,49,9,2024-02-15,5,Amazing  value    for  the  price.
1008,60,13,2025-09-05,3,"Average  experience,  nothing  special."
1009,31,3,2025-11-21,2,"The  product  is  okay,  but  the  instructions  were    unclear."
1010,3,3,2025-05-17,3,"Good  quality,  but  could  be  cheaper."
1011,80,19,2023-10-11,5,Shipping  was  fast  and  the  item  was  well-packaged.
1012,26,3,2025-02-25,2,Not    worth  the  money.
1013,32,8,2025-07-12,4,"I  love  this  product,  will  buy  again!"
1014,81,20,2023-04-16,4,Five  stars  for  the  quick  delivery.
1015,25,2,2023-03-05,2,Not  worth  the  money.
1016,30,16,2025-08-27,2,Product  did  not  meet  my  expectations.
1017,84,13,2025-05-26,5,"Great  purchase,  very  satisfied."
1018,44,20,2024-07-29,2,Not  worth    the  money.
1019,25,12,2023-07-12,4,Five  stars  for  the  quick  delivery.
1020,100,5,2025-09-02,3,"Average  experience,  nothing  special."
1021,49,20,2024-03-16,4,"Great  purchase,  very  satisfied."
1022,71,5,2025-01-23,3,Not    worth  the  money.
1023,77,18,2023-10-19,4,Shipping  was  fast  and  the  item  was  well-packaged.
1024,85,19,2025-11-05,3,Shipping  was  fast  and  the  item  was  well-packaged.
1025,31,16,2025-02-17,3,"Good  quality,  but  could    be  cheaper."
1026,90,12,2023-11-10,3,"Good  quality,  but  could  be  cheaper."
1027,22,14,2025-07-20,3,Not    worth  the  money.
1028,66,3,2023-04-17,3,"Good  quality,  but  could  be  cheaper."
1029,66,6,2025-11-14,3,"The  product  is  okay,  but  the  instructions  were  unclear."
1030,46,16,2024-10-02,5,"I  love  this  product,  will  buy  again!"
1031,28,1,2024-05-22,3,"Average  experience,  nothing  special."
1032,46,17,2025-06-03,4,"Great  purchase,  very  satisfied."
1033,74,11,2023-02-16,4,Shipping  was  fast  and  the  item  was  well-packaged.
1034,34,19,2024-02-04,1,Not  worth  the  money.
1035,77,9,2023-11-25,5,Exceeded  my  expectations!
1036,24,7,2025-08-16,2,Disappointed  with  the  performance.
1037,66,16,2024-05-20,4,"Great  purchase,  very  satisfied."
1038,22,13,2024-05-28,3,Not  worth    the  money.
1039,15,1,2024-11-25,3,Five  stars  for  the  quick  delivery.
1040,100,19,2024-03-02,5,The  build  quality  is    impressive.
1041,19,18,2024-04-14,4,"Great    purchase,  very  satisfied."
1042,68,1,2023-10-06,3,Not  worth  the  money.
1043,29,12,2025-01-06,4,Five  stars  for  the  quick  delivery.
1044,79,1,2024-03-22,4,"I  love  this  product,  will  buy  again!"
1045,33,19,2024-12-14,3,"The  product  is    okay,  but  the  instructions  were  unclear."
1046,45,8,2025-05-17,1,The  product  arrived  late.
1047,6,5,2025-10-09,5,"Great  purchase,  very  satisfied."
1048,25,17,2025-11-18,3,Customer  support  was  very  helpful.
1049,50,2,2023-05-26,5,Five  stars  for    the  quick  delivery.
1050,83,8,2024-06-14,5,"Excellent  product,  highly    recommend!"
1051,63,5,2024-03-16,2,The  product  arrived  late.
1052,55,5,2023-08-14,4,The  quality  is  top-notch.
1053,6,16,2024-02-29,5,Five  stars  for  the  quick  delivery.
1054,82,17,2024-03-27,3,"The  product  is  okay,  but  the  instructions  were  unclear."
1055,17,7,2024-10-18,3,"Average  experience,    nothing  special."
1056,68,17,2023-09-14,2,Not  worth  the  money.
1057,49,17,2024-09-13,3,Shipping  was  fast  and  the  item  was  well-packaged.
1058,32,16,2024-11-16,3,"Great  purchase,  very  satisfied."
1059,67,2,2023-12-23,2,Not  worth  the  money.
1060,15,10,2023-05-05,3,"Good  quality,  but  could  be    cheaper."
1061,64,7,2023-12-17,4,"Great  purchase,  very  satisfied."
1062,93,13,2023-11-21,5,"Great  purchase,    very  satisfied."
1063,5,6,2025-09-21,4,"Good  quality,    but  could  be  cheaper."
1064,32,16,2024-09-02,3,"The    product  is  okay,  but  the  instructions  were  unclear."
1065,33,9,2023-03-21,5,Exceeded  my  expectations!
1066,81,6,2025-08-29,4,The  quality  is    top-notch.
1067,50,7,2024-05-09,5,Amazing  value  for  the  price.
1068,61,15,2025-08-16,2,"The  product  is  okay,  but  the  instructions  were  unclear."
1069,84,9,2025-03-05,4,Shipping  was  fast  and  the  item  was  well-packaged.
1070,23,20,2025-08-16,3,Not  worth  the  money.
1071,23,7,2024-09-16,4,"Great  purchase,  very  satisfied."
1072,51,2,2023-02-15,3,Not  worth  the  money.
1073,30,10,2023-09-22,4,"Good  quality,  but  could  be  cheaper."
1074,21,13,2023-04-07,4,"Good  quality,  but  could  be  cheaper."
1075,52,9,2025-07-25,5,Shipping  was  fast  and  the  item  was  well-packaged.
1076,22,9,2024-10-29,5,The  quality  is  top-notch.
1077,95,14,2025-04-18,5,Amazing  value  for  the  price.
1078,8,2,2023-12-15,4,Customer  support  was  very  helpful.
1079,73,16,2025-06-19,3,"Good  quality,  but  could  be  cheaper."
1080,86,16,2025-05-27,4,Shipping  was  fast  and  the  item    was  well-packaged.
1081,91,5,2023-07-31,5,"I  love  this  product,  will  buy  again!"
1082,87,13,2025-02-09,5,Five  stars  for  the  quick  delivery.
1083,40,6,2024-04-02,4,The  quality  is  top-notch.
1084,99,12,2023-10-29,3,"Good  quality,  but  could  be  cheaper."
1085,46,6,2025-07-02,4,Customer  support  was  very  helpful.
1086,47,11,2024-04-07,5,The  build  quality  is  impressive.
1087,35,10,2023-07-27,3,"The  product  is  okay,  but  the  instructions  were  unclear."
1088,55,13,2025-05-05,4,"I  love  this  product,  will  buy  again!"
1089,54,12,2024-04-12,3,"The  product  is  okay,  but  the  instructions  were  unclear."
1090,3,14,2023-01-09,4,Shipping  was  fast  and  the  item  was  well-packaged.
1091,72,2,2024-01-28,2,The  product    arrived  late.
1092,82,5,2023-02-16,4,Five  stars    for  the  quick  delivery.
1093,25,8,2025-10-24,3,"Average  experience,  nothing  special."
1094,48,11,2023-07-04,2,Not  worth  the  money.
1095,31,15,2024-09-23,4,The  quality  is    top-notch.
1096,82,13,2023-11-17,4,Five  stars  for  the  quick  delivery.
1097,47,12,2023-10-15,2,"Average  experience,  nothing  special."
1098,62,15,2023-04-02,5,Shipping  was  fast  and  the  item  was  well-packaged.
1099,90,12,2024-03-17,5,"Excellent  product,  highly  recommend!"
1100,88,14,2025-08-13,4,Five  stars  for  the  quick  delivery.
1101,58,13,2025-01-09,5,Shipping  was  fast  and  the  item  was  well-packaged.
1102,35,12,2024-02-01,4,The  quality  is  top-notch.
1103,39,5,2023-05-12,5,The  build  quality  is  impressive.
1104,39,6,2023-08-06,3,Not  worth  the  money.
1105,20,16,2023-03-19,3,"Good    quality,  but  could  be  cheaper."
1106,37,5,2025-01-29,5,Five  stars  for  the  quick  delivery.
1107,51,14,2024-03-27,4,Five  stars  for  the  quick  delivery.
1108,50,3,2023-05-03,1,The  product  stopped  working  after  a  month.
1109,22,18,2023-06-09,5,"Excellent  product,    highly  recommend!"
1110,38,8,2024-04-26,3,Not  worth  the  money.
1111,91,16,2024-01-25,3,"Good  quality,    but  could  be  cheaper."
1112,40,1,2023-06-07,5,"Excellent  product,  highly  recommend!"
1113,28,3,2024-11-23,3,"The  product  is  okay,  but  the  instructions  were  unclear."
1114,56,15,2025-06-14,4,Shipping  was  fast  and  the  item  was  well-packaged.
1115,82,4,2023-10-12,3,"Good  quality,  but  could  be    cheaper."
1116,52,5,2025-05-22,4,Five  stars  for  the  quick  delivery.
1117,74,11,2023-09-12,4,The  quality  is  top-notch.
1118,50,16,2023-05-15,4,Five  stars  for  the  quick  delivery.
1119,99,4,2024-01-19,2,Product  did  not  meet  my  expectations.
1120,4,17,2024-09-30,2,"Average  experience,  nothing  special."
1121,23,20,2023-06-25,4,Customer  support  was  very  helpful.
1122,78,19,2023-12-03,5,The  quality  is  top-notch.
1123,68,20,2024-06-02,3,"The  product  is    okay,  but  the  instructions  were  unclear."
1124,6,9,2025-10-22,5,"I  love  this  product,  will  buy  again!"
1125,100,12,2025-07-20,2,"Good  quality,  but  could  be  cheaper."
1126,10,19,2025-03-19,2,Not  worth  the  money.
1127,82,15,2024-01-06,4,Customer  support  was  very  helpful.
1128,77,6,2023-02-11,5,Shipping  was  fast  and  the  item  was  well-packaged.
1129,80,10,2024-11-06,5,The  build  quality  is  impressive.
1130,88,13,2025-12-30,4,The  quality  is  top-notch.
1131,97,2,2025-06-02,5,The  build    quality  is  impressive.
1132,68,9,2023-12-22,3,"Average  experience,  nothing  special."
1133,46,19,2023-09-12,4,"I  love  this  product,  will  buy  again!"
1134,29,8,2024-06-16,5,The    build  quality  is  impressive.
1135,77,12,2024-10-26,1,Product  did  not  meet  my  expectations.
1136,62,8,2025-03-02,5,Customer  support  was  very  helpful.
1137,73,5,2025-01-19,3,Five  stars  for  the  quick  delivery.
1138,81,4,2024-12-23,3,The  quality  is  top-notch.
1139,18,5,2024-02-28,3,"Average  experience,  nothing  special."
1140,28,12,2023-03-07,2,Disappointed  with  the  performance.
1141,24,17,2023-04-01,5,Customer    support  was  very  helpful.
1142,4,2,2024-04-24,4,Shipping  was  fast  and  the  item  was  well-packaged.
1143,75,18,2025-08-09,4,The  quality  is  top-notch.
1144,24,8,2024-01-29,5,The  build  quality    is  impressive.
1145,61,8,2024-02-25,5,"Excellent  product,  highly  recommend!"
1146,88,15,2024-02-10,4,Shipping  was  fast  and  the  item  was  well-packaged.
1147,79,5,2025-05-09,5,"Excellent  product,  highly  recommend!"
1148,94,2,2024-10-11,4,"Good  quality,  but    could  be  cheaper."
1149,67,13,2023-12-24,3,Not  worth  the  money.
1150,90,3,2024-02-19,5,Five  stars  for  the  quick  delivery.
1151,46,15,2025-01-19,5,Customer  support  was  very  helpful.
1152,23,14,2025-11-05,3,Customer    support  was  very  helpful.
1153,53,10,2023-06-17,5,"Excellent  product,  highly  recommend!"
1154,9,19,2023-07-09,2,Disappointed  with  the  performance.
1155,1,12,2025-01-09,5,Exceeded  my  expectations!
1156,79,18,2024-06-16,3,"Good  quality,  but  could  be  cheaper."
1157,13,12,2025-07-16,1,The  product  stopped  working  after  a  month.
1158,99,20,2024-07-29,4,The  quality  is  top-notch.
1159,59,9,2025-01-29,5,The  quality  is  top-notch.
1160,97,7,2025-12-26,5,Five  stars  for  the  quick  delivery.
1161,10,19,2023-01-01,5,Shipping  was  fast  and  the    item  was  well-packaged.
1162,55,10,2024-06-08,2,The  product  arrived  late.
1163,15,11,2023-10-04,3,"Good  quality,  but  could  be  cheaper."
1164,69,3,2023-01-04,3,"Good  quality,  but  could  be  cheaper."
1165,20,12,2024-02-06,5,The  quality  is  top-notch.
1166,63,15,2024-11-10,5,The  build  quality    is  impressive.
1167,50,19,2024-08-21,5,The  quality  is  top-notch.
1168,93,16,2025-09-21,5,Exceeded  my  expectations!
1169,97,19,2025-06-24,4,"Great  purchase,  very  satisfied."
1170,78,4,2023-12-19,4,Customer  support  was  very  helpful.
1171,49,4,2024-01-12,2,"Average  experience,  nothing  special."
1172,33,15,2025-04-03,5,The    build  quality  is  impressive.
1173,76,3,2025-08-09,4,"Great  purchase,  very  satisfied."
1174,69,3,2025-08-24,4,Shipping  was  fast  and  the  item  was  well-packaged.
1175,78,6,2025-07-04,5,"Excellent  product,  highly  recommend!"
1176,74,15,2025-05-27,5,"Excellent  product,  highly  recommend!"
1177,45,10,2023-12-28,3,"Average  experience,  nothing  special."
1178,43,6,2024-09-08,1,I  had  a  bad  experience  with  this  product.
1179,84,7,2025-07-31,3,Not  worth  the  money.
1180,64,18,2025-06-19,5,Five  stars  for  the  quick  delivery.
1181,28,8,2025-02-25,3,"Good  quality,  but  could  be  cheaper."
1182,70,15,2023-08-21,4,"I  love  this  product,  will  buy  again!"
1183,91,4,2023-02-06,3,"Average  experience,  nothing  special."
1184,5,18,2023-12-25,5,Exceeded  my  expectations!
1185,5,12,2025-10-01,5,Shipping  was  fast  and  the  item  was  well-packaged.
1186,80,11,2025-10-15,4,"I  love  this  product,  will  buy  again!"
1187,66,9,2023-06-11,4,"Great  purchase,  very  satisfied."
1188,17,2,2023-04-05,5,"Great  purchase,    very  satisfied."
1189,32,20,2023-12-28,3,Not  worth  the  money.
1190,16,4,2024-08-19,1,The    product  arrived  late.
1191,60,19,2023-08-27,5,"Excellent  product,  highly  recommend!"
1192,80,19,2024-05-21,3,"Average  experience,  nothing  special."
1193,7,2,2025-06-13,5,"Excellent  product,  highly  recommend!"
1194,11,13,2023-03-01,3,Not  worth  the  money.
1195,89,2,2023-11-19,5,Exceeded    my  expectations!
1196,57,16,2024-06-07,5,"Excellent  product,  highly  recommend!"
1197,70,15,2024-10-30,1,The  product  arrived  late.
1198,92,1,2024-06-25,4,Customer  support  was  very  helpful.
1199,71,7,2024-09-16,4,The  quality  is  top-notch.
1200,89,17,2024-04-04,4,Shipping  was  fast  and  the  item  was  well-packaged.
1201,14,11,2023-08-04,4,"Great  purchase,  very  satisfied."
1202,28,17,2023-04-28,3,Not  worth  the    money.
1203,2,19,2025-07-20,4,"Great  purchase,  very  satisfied."
1204,19,18,2024-11-06,4,The  quality  is  top-notch.
1205,73,17,2025-12-04,5,The  quality    is  top-notch.
1206,50,12,2023-07-06,4,The  quality  is  top-notch.
1207,90,18,2025-06-27,5,The  build  quality  is  impressive.
1208,16,15,2024-07-11,5,"Great  purchase,  very  satisfied."
1209,53,10,2024-04-03,5,Five  stars  for    the  quick  delivery.
1210,67,8,2024-10-24,4,"Good  quality,  but  could  be  cheaper."
1211,30,18,2023-10-04,5,Customer  support    was  very  helpful.
1212,82,19,2024-10-11,2,Not  worth  the  money.
1213,14,9,2023-12-23,5,Customer  support  was  very  helpful.
1214,100,10,2025-08-27,4,"Great  purchase,  very  satisfied."
1215,68,7,2025-03-28,2,Product  did  not  meet  my  expectations.
1216,53,11,2023-04-14,5,Amazing  value  for  the  price.
1217,81,18,2024-01-14,5,Customer  support  was  very  helpful.
1218,8,9,2025-11-09,5,Shipping  was    fast  and  the  item  was  well-packaged.
1219,49,7,2025-05-28,5,"Great  purchase,  very  satisfied."
1220,25,8,2023-01-26,2,The  product  arrived  late.
1221,42,17,2023-08-31,4,"Good  quality,  but  could    be  cheaper."
1222,57,6,2025-05-23,3,"I  love  this  product,  will  buy    again!"
1223,18,16,2025-11-12,3,"Great  purchase,  very  satisfied."
1224,82,14,2025-11-30,5,"Great  purchase,  very  satisfied."
1225,93,8,2024-08-08,2,The  product  arrived  late.
1226,75,5,2024-08-17,5,"I  love  this  product,    will  buy  again!"
1227,30,14,2025-01-20,5,"Great  purchase,  very    satisfied."
1228,57,1,2023-11-30,4,"I  love  this  product,  will  buy  again!"
1229,31,17,2025-06-01,4,"I  love  this  product,  will  buy  again!"
1230,55,18,2025-04-27,5,Exceeded  my  expectations!
1231,81,7,2024-09-02,2,Product  did  not  meet  my  expectations.
1232,7,17,2024-09-18,5,Shipping  was  fast  and  the  item  was  well-packaged.
1233,73,5,2024-03-13,3,"The  product  is    okay,  but  the  instructions  were  unclear."
1234,37,8,2024-02-21,3,"Good  quality,  but  could  be  cheaper."
1235,87,1,2023-05-24,5,Five  stars  for  the  quick  delivery.
1236,60,3,2023-02-07,4,Five  stars  for  the  quick  delivery.
1237,94,17,2024-10-20,1,"Not  satisfied,  the  product  broke  after  a  week."
1238,15,9,2025-06-13,4,Customer    support  was  very  helpful.
1239,49,15,2024-02-07,5,"Excellent  product,  highly  recommend!"
1240,66,5,2025-02-28,3,"Good  quality,  but  could  be  cheaper."
1241,62,17,2024-03-11,3,"Good  quality,  but  could  be  cheaper."
1242,22,19,2025-02-08,4,"Great  purchase,  very  satisfied."
1243,92,10,2023-11-08,5,"Great    purchase,  very  satisfied."
1244,8,7,2024-01-20,5,"I  love  this  product,  will    buy  again!"
1245,60,5,2025-12-19,3,Not  worth  the  money.
1246,53,1,2024-08-04,4,The  quality  is  top-notch.
1247,79,6,2024-08-08,2,"Average  experience,  nothing  special."
1248,72,2,2025-12-19,4,Shipping  was  fast  and  the  item  was    well-packaged.
1249,72,5,2025-01-23,3,"Average    experience,  nothing  special."
1250,11,10,2025-10-23,1,Not  worth  the  money.
1251,20,2,2024-06-10,3,"Good  quality,  but  could  be  cheaper."
1252,87,8,2024-12-10,5,Exceeded    my  expectations!
1253,68,3,2024-06-30,3,Not  worth    the  money.
1254,45,4,2024-02-16,5,The  quality  is  top-notch.
1255,42,8,2025-12-15,5,Five  stars  for  the  quick  delivery.
1256,80,4,2025-08-12,2,Disappointed  with  the  performance.
1257,93,10,2023-02-05,4,Customer  support  was  very  helpful.
1258,80,1,2023-11-13,5,Amazing  value  for  the  price.
1259,66,15,2023-06-13,3,"Average  experience,  nothing  special."
1260,47,6,2025-09-02,5,Exceeded  my  expectations!
1261,12,18,2023-08-08,4,Five  stars  for  the  quick  delivery.
1262,46,17,2024-08-26,2,Disappointed  with    the  performance.
1263,48,9,2023-09-20,3,"Average    experience,  nothing  special."
1264,72,7,2023-05-07,5,"Great  purchase,  very  satisfied."
1265,81,20,2023-04-29,4,Customer  support    was  very  helpful.
1266,65,14,2025-07-01,4,Shipping  was  fast  and  the  item  was  well-packaged.
1267,85,4,2024-07-11,5,The  quality  is  top-notch.
1268,60,6,2023-10-06,3,Not  worth    the  money.
1269,39,13,2024-02-09,4,The  quality  is    top-notch.
1270,72,16,2025-07-11,4,"I  love  this  product,  will  buy  again!"
1271,64,10,2024-04-28,4,The  quality    is  top-notch.
1272,82,14,2025-12-24,4,Exceeded  my  expectations!
1273,74,10,2024-02-19,4,Five  stars  for  the  quick  delivery.
1274,24,1,2025-08-14,1,Not  worth  the  money.
1275,52,2,2023-06-06,5,Customer  support  was  very  helpful.
1276,52,10,2024-11-05,2,"Good  quality,  but    could  be  cheaper."
1277,20,11,2023-09-28,4,"I  love  this  product,  will  buy  again!"
1278,25,17,2023-06-22,5,The  quality  is  top-notch.
1279,54,8,2025-09-13,3,"Good  quality,  but  could  be  cheaper."
1280,88,19,2023-01-18,3,Not  worth  the  money.
1281,58,12,2023-09-24,5,The  quality  is  top-notch.
1282,7,19,2023-04-24,2,The  product  arrived  late.
1283,67,2,2024-09-24,3,"The    product  is  okay,  but  the  instructions  were  unclear."
1284,2,12,2025-10-04,1,Not  worth  the  money.
1285,81,12,2024-07-15,4,"Good  quality,  but  could  be    cheaper."
1286,89,19,2025-03-12,5,"Excellent  product,  highly  recommend!"
1287,69,17,2024-10-04,2,Product  did  not  meet  my  expectations.
1288,77,8,2025-06-09,5,"I  love  this  product,  will  buy  again!"
1289,52,7,2023-09-30,3,"Good  quality,  but  could  be  cheaper."
1290,30,6,2024-04-01,3,"The  product  is  okay,  but  the  instructions  were  unclear."
1291,90,2,2024-05-20,4,Shipping  was  fast  and  the  item    was  well-packaged.
1292,16,5,2024-03-15,5,The  quality  is  top-notch.
1293,23,2,2024-11-07,5,Exceeded  my  expectations!
1294,86,11,2023-06-11,4,Shipping  was  fast  and  the  item  was  well-packaged.
1295,61,8,2025-09-16,5,The  build  quality  is  impressive.
1296,60,9,2025-10-26,4,"Good  quality,    but  could  be  cheaper."
1297,87,5,2024-08-14,3,"Average  experience,  nothing  special."
1298,82,1,2024-08-13,4,"Excellent  product,  highly  recommend!"
1299,44,18,2025-07-02,4,"I  love  this  product,  will  buy  again!"
1300,6,11,2024-04-14,4,Customer  support  was  very  helpful.
1301,79,13,2025-05-28,4,"Great  purchase,  very  satisfied."
1302,20,11,2023-11-29,3,"Good  quality,  but  could  be  cheaper."
1303,99,3,2024-03-22,4,Customer  support  was  very  helpful.
1304,77,15,2024-05-09,3,"Average  experience,  nothing  special."
1305,24,4,2025-01-26,1,The    product  arrived  late.
1306,89,1,2023-09-03,4,Customer  support  was  very  helpful.
1307,36,13,2024-05-16,3,"Average    experience,  nothing  special."
1308,46,5,2025-02-03,4,"Great  purchase,    very  satisfied."
1309,53,8,2024-10-12,4,"I  love  this  product,    will  buy  again!"
1310,96,17,2025-11-19,3,"Good    quality,  but  could  be  cheaper."
1311,71,13,2023-01-29,5,"Great  purchase,  very  satisfied."
1312,11,18,2023-05-16,4,"Good  quality,  but  could  be  cheaper."
1313,2,2,2025-06-30,5,The  build  quality    is  impressive.
1314,63,2,2025-03-17,5,Amazing  value  for  the  price.
1315,85,14,2023-05-28,4,"I    love  this  product,  will  buy  again!"
1316,40,20,2025-05-24,2,"The  product  is  okay,  but  the  instructions  were  unclear."
1317,24,8,2025-11-08,1,The  product  arrived  late.
1318,28,1,2024-02-13,3,"Average  experience,  nothing  special."
1319,84,6,2024-07-20,1,Product  did  not  meet  my    expectations.
1320,74,10,2024-11-26,1,I  had  a  bad  experience  with  this  product.
1321,32,3,2025-02-25,2,The  product  arrived  late.
1322,70,16,2024-04-15,1,Product  did  not  meet  my  expectations.
1323,61,17,2025-10-27,1,Product  did    not  meet  my  expectations.
1324,36,10,2025-12-27,4,Customer  support  was  very  helpful.
1325,66,12,2024-08-07,3,"I  love  this  product,  will  buy  again!"
1326,69,4,2024-06-09,5,"Great  purchase,  very  satisfied."
1327,37,9,2025-05-20,2,"Average  experience,  nothing  special."
1328,97,11,2025-12-23,4,Customer  support  was  very  helpful.
1329,45,19,2024-01-03,2,Not  worth  the  money.
1330,24,12,2025-05-31,2,Not  worth  the  money.
1331,88,5,2025-06-02,4,The  quality  is  top-notch.
1332,72,4,2024-06-15,5,Amazing  value  for  the    price.
1333,6,3,2023-12-06,3,"The  product  is  okay,  but  the  instructions  were  unclear."
1334,39,11,2025-04-03,4,"I  love  this  product,  will  buy  again!"
1335,43,15,2025-03-06,4,The  quality  is  top-notch.
1336,95,9,2023-11-27,1,"Not  satisfied,  the    product  broke  after  a  week."
1337,89,4,2023-10-09,3,"Average  experience,  nothing  special."
1338,44,13,2025-02-01,2,Disappointed  with  the  performance.
1339,76,19,2024-11-01,5,The  quality  is  top-notch.
1340,62,7,2025-07-10,3,Not  worth    the  money.
1341,64,7,2023-06-21,2,"Average  experience,  nothing    special."
1342,91,1,2025-06-03,5,Customer  support  was  very  helpful.
1343,39,4,2025-04-10,5,The  build  quality  is  impressive.
1344,31,20,2025-05-16,5,The  quality  is  top-notch.
1345,55,18,2023-10-14,5,"Excellent  product,  highly  recommend!"
1346,47,6,2024-10-14,2,The  product  arrived  late.
1347,21,11,2025-07-16,4,Shipping  was  fast  and  the  item  was  well-packaged.
1348,45,19,2024-02-14,5,"I  love  this  product,  will  buy  again!"
1349,22,10,2025-04-11,4,Five  stars  for  the  quick  delivery.
1350,69,9,2024-02-01,3,"The  product  is  okay,  but  the  instructions  were  unclear."
1351,30,20,2023-07-23,1,"Not  satisfied,  the  product  broke    after  a  week."
1352,50,14,2025-06-25,5,The  quality  is    top-notch.
1353,34,5,2024-06-30,5,The  quality  is  top-notch.
1354,53,8,2024-05-08,5,"Excellent    product,  highly  recommend!"
1355,9,20,2025-05-29,5,Customer  support  was  very  helpful.
1356,14,15,2025-04-18,4,The  quality  is  top-notch.
1357,23,17,2024-01-03,1,"Terrible    customer  service,  would  not  buy  again."
1358,90,10,2024-01-16,3,Not  worth    the  money.
1359,28,4,2023-05-25,3,Not  worth  the  money.
1360,58,12,2023-11-13,2,"Average    experience,  nothing  special."
1361,96,15,2023-03-07,5,Customer  support  was  very  helpful.
1362,99,2,2025-12-03,1,Product  did  not  meet  my  expectations.
1363,16,4,2024-07-16,2,The  product  arrived  late.
